小地域コード,小地域,人口総数,世帯総数,総数１５歳未満,総数１５～６４歳,総数６５歳以上,Latitude,Longitude
4101001000,宮城県仙台市青葉区青葉町,649,399,48,413,143,38.2830786,140.8641973
4101002000,宮城県仙台市青葉区あけぼの町,741,419,54,447,209,38.2886097,140.8636908
4101003001,宮城県仙台市青葉区旭ケ丘一丁目,2617,1753,182,1845,407,38.2896766,140.8837733
4101003002,宮城県仙台市青葉区旭ケ丘二丁目,2619,1536,268,1755,504,38.2918433,140.8878029
4101003003,宮城県仙台市青葉区旭ケ丘三丁目,1836,1130,158,1266,308,38.2955599,140.8870555
4101003004,宮城県仙台市青葉区旭ケ丘四丁目,2088,1156,232,1345,452,38.2998824,140.8863892
4101004001,宮城県仙台市青葉区荒巻字青葉,1604,718,62,1250,213,38.2577111,140.8334081
4101004002,宮城県仙台市青葉区荒巻字弘法山,228,100,28,140,52,38.2714031,140.833984
4101004003,宮城県仙台市青葉区荒巻字三居沢,121,3,0,2,119,38.2682608,140.8397943
4101004004,宮城県仙台市青葉区荒巻字仁田谷地,42,6,0,11,31,38.2803265,140.823957
4101005000,宮城県仙台市青葉区荒巻神明町,2078,1241,160,1313,522,38.2870474,140.8597433
4101006000,宮城県仙台市青葉区荒巻中央,831,421,115,533,169,38.2908055,140.8583761
4101007001,宮城県仙台市青葉区荒巻本沢一丁目,417,195,36,275,99,38.2887144,140.8487499
4101007002,宮城県仙台市青葉区荒巻本沢二丁目,518,298,42,320,127,38.2899746,140.8526568
4101007003,宮城県仙台市青葉区荒巻本沢三丁目,673,390,70,440,144,38.2913191,140.8553289
4101008001,宮城県仙台市青葉区一番町一丁目,2913,1728,298,1865,438,38.2568288,140.8731412
4101008002,宮城県仙台市青葉区一番町二丁目,1554,1078,159,948,191,38.2587273,140.8721501
4101008003,宮城県仙台市青葉区一番町三丁目,35,16,2,17,14,38.261146,140.872474
4101008004,宮城県仙台市青葉区一番町四丁目,30,21,0,8,14,38.2639518,140.8716043
4101009001,宮城県仙台市青葉区五橋一丁目,1977,1013,247,1166,438,38.2551121,140.8803828
4101009002,宮城県仙台市青葉区五橋二丁目,2489,1585,218,1611,450,38.2521739,140.8787436
4101010101,宮城県仙台市青葉区吉成台一丁目,243,104,26,155,60,38.2931622,140.8237923
4101010102,宮城県仙台市青葉区吉成台二丁目,510,142,61,298,151,38.2956256,140.8234962
4101010201,宮城県仙台市青葉区高野原一丁目,904,283,282,528,93,38.2856504,140.7723232
4101010202,宮城県仙台市青葉区高野原二丁目,660,209,124,464,72,38.2890924,140.7665446
4101010203,宮城県仙台市青葉区高野原三丁目,815,252,178,530,106,38.2894247,140.7616028
4101010204,宮城県仙台市青葉区高野原四丁目,660,211,102,467,91,38.2904449,140.7555049
4101010300,宮城県仙台市青葉区芋沢,3505,965,221,1507,1761,38.3034397,140.7347686
4101011000,宮城県仙台市青葉区梅田町,1315,767,135,874,265,38.2782639,140.8809964
4101012000,宮城県仙台市青葉区大倉,665,190,35,332,298,38.3876357,140.6458488
4101013000,宮城県仙台市青葉区大手町,997,594,91,617,225,38.2575046,140.8632691
4101014001,宮城県仙台市青葉区大町一丁目,110,99,0,58,17,38.2598033,140.8698034
4101014002,宮城県仙台市青葉区大町二丁目,2172,1702,100,1388,306,38.2597544,140.8660607
4101015000,宮城県仙台市青葉区霊屋下,1572,931,159,1023,336,38.25181,140.8662432
4101016004,宮城県仙台市青葉区小田原四丁目,1418,703,228,900,234,38.2679072,140.8895725
4101016005,宮城県仙台市青葉区小田原五丁目,1161,724,91,764,235,38.268724,140.8865681
4101016006,宮城県仙台市青葉区小田原六丁目,1382,843,108,927,283,38.2711858,140.8862758
4101016007,宮城県仙台市青葉区小田原七丁目,910,518,107,623,145,38.2709738,140.8893615
4101016008,宮城県仙台市青葉区小田原八丁目,2025,1126,142,1332,463,38.2707193,140.8930644
4101017001,宮城県仙台市青葉区折立一丁目,488,270,42,265,119,38.2646627,140.8119124
4101017002,宮城県仙台市青葉区折立二丁目,305,151,27,221,56,38.2681471,140.8055228
4101017003,宮城県仙台市青葉区折立三丁目,556,254,90,347,107,38.2649973,140.8069743
4101017004,宮城県仙台市青葉区折立四丁目,524,186,55,224,243,38.2618897,140.8078083
4101017005,宮城県仙台市青葉区折立五丁目,796,405,96,389,309,38.2596379,140.8050192
4101017006,宮城県仙台市青葉区折立六丁目,445,185,45,201,196,38.261661,140.8021732
4101018001,宮城県仙台市青葉区貝ケ森一丁目,1023,482,127,539,334,38.2821758,140.8416477
4101018002,宮城県仙台市青葉区貝ケ森二丁目,299,150,53,191,48,38.2802261,140.8388959
4101018003,宮城県仙台市青葉区貝ケ森三丁目,952,384,102,398,445,38.2845964,140.8419701
4101018004,宮城県仙台市青葉区貝ケ森四丁目,650,309,58,340,229,38.2840251,140.8369095
4101018005,宮城県仙台市青葉区貝ケ森五丁目,110,58,15,62,30,38.2871855,140.8398226
4101018006,宮城県仙台市青葉区貝ケ森六丁目,768,308,120,328,320,38.2831756,140.8448961
4101019001,宮城県仙台市青葉区花京院一丁目,1369,812,138,836,274,38.2647869,140.8816803
4101019002,宮城県仙台市青葉区花京院二丁目,797,554,46,548,112,38.2669883,140.88073
4101020001,宮城県仙台市青葉区柏木一丁目,3373,1994,399,2177,604,38.2751285,140.8643801
4101020002,宮城県仙台市青葉区柏木二丁目,2795,1684,260,1897,479,38.2739044,140.8554958
4101020003,宮城県仙台市青葉区柏木三丁目,1795,960,171,1127,422,38.2763243,140.8558189
4101021000,宮城県仙台市青葉区春日町,1635,1036,146,1028,301,38.2659707,140.8644012
4101022001,宮城県仙台市青葉区片平一丁目,1932,1291,132,1186,396,38.2578559,140.8670521
4101022002,宮城県仙台市青葉区片平二丁目,0,0,0,0,0,38.2537213,140.8739702
4101023000,宮城県仙台市青葉区花壇,913,512,89,502,274,38.2543971,140.8640988
4101024000,宮城県仙台市青葉区上愛子,6058,2256,828,3653,1534,38.2647035,140.7297053
4101025001,宮城県仙台市青葉区上杉一丁目,1830,1280,99,1231,261,38.2709919,140.8713013
4101025002,宮城県仙台市青葉区上杉二丁目,2012,1300,194,1351,343,38.2734115,140.8716252
4101025003,宮城県仙台市青葉区上杉三丁目,2227,1105,323,1499,316,38.2718633,140.8764009
4101025004,宮城県仙台市青葉区上杉四丁目,1220,639,155,827,190,38.2722143,140.8801851
4101025005,宮城県仙台市青葉区上杉五丁目,1671,950,182,1138,253,38.274283,140.8767251
4101025006,宮城県仙台市青葉区上杉六丁目,1825,912,194,1262,302,38.2779976,140.875977
4101026000,宮城県仙台市青葉区川内,2,1,0,0,0,38.255156,140.8529929
4101027001,宮城県仙台市青葉区川平一丁目,505,258,48,320,113,38.2953229,140.845892
4101027002,宮城県仙台市青葉区川平二丁目,1151,520,134,693,310,38.2991238,140.8439056
4101027003,宮城県仙台市青葉区川平三丁目,2231,978,241,1245,721,38.3055157,140.8397705
4101027004,宮城県仙台市青葉区川平四丁目,1366,610,126,658,568,38.3027404,140.835661
4101027005,宮城県仙台市青葉区川平五丁目,458,210,59,236,159,38.3074504,140.8337942
4101028000,宮城県仙台市青葉区菊田町,480,286,43,304,108,38.2854278,140.8476886
4101029000,宮城県仙台市青葉区北根黒松,1018,514,97,672,217,38.3045871,140.8801641
4101030001,宮城県仙台市青葉区北根一丁目,1601,861,128,1097,336,38.2927754,140.8742184
4101030002,宮城県仙台市青葉区北根二丁目,116,67,9,58,44,38.2969281,140.8760212
4101030003,宮城県仙台市青葉区北根三丁目,1280,675,123,836,266,38.2998704,140.8776619
4101030004,宮城県仙台市青葉区北根四丁目,178,96,12,91,64,38.2993856,140.8713644
4101031000,宮城県仙台市青葉区北目町,1350,1073,47,831,201,38.2547613,140.8766001
4101032001,宮城県仙台市青葉区北山一丁目,1191,630,95,743,298,38.2834164,140.8592582
4101032002,宮城県仙台市青葉区北山二丁目,1295,716,140,853,244,38.2837539,140.8543189
4101032003,宮城県仙台市青葉区北山三丁目,1276,861,76,881,185,38.2834017,140.8505336
4101033000,宮城県仙台市青葉区木町,2248,1387,171,1505,439,38.2784069,140.8610808
4101034001,宮城県仙台市青葉区木町通一丁目,2874,2023,232,2003,352,38.2690793,140.8635712
4101034002,宮城県仙台市青葉区木町通二丁目,2420,1461,270,1586,409,38.2732292,140.8653719
4101035001,宮城県仙台市青葉区国見ケ丘一丁目,976,374,101,570,303,38.2946004,140.8295922
4101035002,宮城県仙台市青葉区国見ケ丘二丁目,1101,417,103,650,346,38.2916577,140.8279547
4101035003,宮城県仙台市青葉区国見ケ丘三丁目,911,342,114,458,337,38.287858,140.8299423
4101035004,宮城県仙台市青葉区国見ケ丘四丁目,665,252,55,383,227,38.2875047,140.8261566
4101035005,宮城県仙台市青葉区国見ケ丘五丁目,1332,601,119,699,505,38.2843947,140.8269896
4101035006,宮城県仙台市青葉区国見ケ丘六丁目,739,355,19,393,324,38.285101,140.8345604
4101035007,宮城県仙台市青葉区国見ケ丘七丁目,111,16,3,18,90,38.2893376,140.8351241
4101036001,宮城県仙台市青葉区国見一丁目,1556,909,97,973,329,38.2800237,140.846345
4101036002,宮城県仙台市青葉区国見二丁目,1112,571,131,662,289,38.2745784,140.8456191
4101036003,宮城県仙台市青葉区国見三丁目,1098,632,72,725,263,38.2735368,140.8429886
4101036004,宮城県仙台市青葉区国見四丁目,523,353,26,328,89,38.2779401,140.8410835
4101036005,宮城県仙台市青葉区国見五丁目,813,454,70,510,193,38.2738733,140.8380501
4101036006,宮城県仙台市青葉区国見六丁目,2850,1391,210,1799,715,38.2786127,140.8312053
4101037000,宮城県仙台市青葉区熊ケ根,598,233,27,283,288,38.3025424,140.6748051
4101038001,宮城県仙台市青葉区国分町一丁目,329,244,19,187,69,38.2612302,140.8696129
4101038002,宮城県仙台市青葉区国分町二丁目,127,85,4,66,30,38.2632137,140.8690145
4101038003,宮城県仙台市青葉区国分町三丁目,1520,1028,116,969,221,38.2675318,140.8683468
4101039000,宮城県仙台市青葉区小松島新堤,522,182,124,222,172,38.2858871,140.8944799
4101040001,宮城県仙台市青葉区小松島一丁目,716,435,50,479,142,38.2780579,140.8884441
4101040002,宮城県仙台市青葉区小松島二丁目,1817,1056,207,1231,268,38.2831161,140.8903694
4101040003,宮城県仙台市青葉区小松島三丁目,1221,733,104,771,265,38.2834553,140.8854308
4101040004,宮城県仙台市青葉区小松島四丁目,1944,1205,176,1285,351,38.2869166,140.8883876
4101041001,宮城県仙台市青葉区米ケ袋一丁目,1180,682,133,773,218,38.2527235,140.8707236
4101041002,宮城県仙台市青葉区米ケ袋二丁目,1480,920,124,987,271,38.2500941,140.8734844
4101041003,宮城県仙台市青葉区米ケ袋三丁目,605,357,53,420,106,38.2478452,140.8706931
4101042000,宮城県仙台市青葉区郷六,2063,831,177,1124,694,38.2687293,140.8149428
4101043001,宮城県仙台市青葉区鷺ケ森一丁目,1356,710,130,832,346,38.2931138,140.8692784
4101043002,宮城県仙台市青葉区鷺ケ森二丁目,1084,528,137,662,269,38.2962251,140.8684484
4101044000,宮城県仙台市青葉区作並,757,387,23,400,322,38.3610979,140.6024802
4101045000,宮城県仙台市青葉区桜ケ岡公園,320,198,11,144,154,38.2613014,140.8612859
4101046001,宮城県仙台市青葉区桜ケ丘一丁目,1580,693,233,895,435,38.2969705,140.8486046
4101046002,宮城県仙台市青葉区桜ケ丘二丁目,1017,403,101,632,274,38.2979284,140.8524719
4101046003,宮城県仙台市青葉区桜ケ丘三丁目,1210,586,143,674,362,38.3013923,140.8554274
4101046004,宮城県仙台市青葉区桜ケ丘四丁目,911,510,67,504,285,38.30104,140.8516406
4101046005,宮城県仙台市青葉区桜ケ丘五丁目,1339,625,136,790,377,38.3006874,140.8478538
4101046006,宮城県仙台市青葉区桜ケ丘六丁目,1275,624,134,685,419,38.3025882,140.8468606
4101046007,宮城県仙台市青葉区桜ケ丘七丁目,1502,771,146,795,493,38.3074326,140.8475065
4101046008,宮城県仙台市青葉区桜ケ丘八丁目,0,0,0,0,0,38.3053629,140.8509707
4101046009,宮城県仙台市青葉区桜ケ丘九丁目,18,1,0,18,0,38.3076165,140.8537649
4101047000,宮城県仙台市青葉区三条町,1520,874,122,1156,191,38.2808126,140.8526802
4101048000,宮城県仙台市青葉区子平町,1948,1207,168,1275,407,38.2761408,140.849565
4101049101,宮城県仙台市青葉区落合一丁目,982,466,151,606,193,38.2708387,140.7927984
4101049102,宮城県仙台市青葉区落合二丁目,1143,604,191,832,99,38.2732586,140.7931181
4101049103,宮城県仙台市青葉区落合三丁目,614,253,80,344,187,38.2765123,140.7810883
4101049104,宮城県仙台市青葉区落合四丁目,1064,480,179,622,258,38.2744473,140.7845538
4101049105,宮城県仙台市青葉区落合五丁目,1622,684,233,1038,303,38.2711723,140.7878593
4101049106,宮城県仙台市青葉区落合六丁目,1058,367,219,747,74,38.2701291,140.78523
4101049301,宮城県仙台市青葉区愛子東一丁目,719,291,97,429,176,38.2723604,140.7792951
4101049302,宮城県仙台市青葉区愛子東二丁目,264,110,50,159,47,38.2730788,140.7731604
4101049303,宮城県仙台市青葉区愛子東三丁目,1072,386,218,665,179,38.2744251,140.7758295
4101049304,宮城県仙台市青葉区愛子東四丁目,1259,469,196,773,268,38.2759678,140.7710489
4101049305,宮城県仙台市青葉区愛子東五丁目,1445,654,179,910,335,38.275612,140.7672642
4101049306,宮城県仙台市青葉区愛子東六丁目,501,182,91,321,85,38.2722013,140.7680615
4101049400,宮城県仙台市青葉区下愛子,2666,1060,414,1688,544,38.2693127,140.7701731
4101050000,宮城県仙台市青葉区昭和町,3038,1614,334,1983,597,38.2808408,140.8701281
4101051001,宮城県仙台市青葉区西花苑一丁目,674,287,57,339,270,38.2672298,140.8010415
4101051002,宮城県仙台市青葉区西花苑二丁目,735,315,63,339,332,38.2623911,140.8004015
4101052000,宮城県仙台市青葉区星陵町,149,102,12,112,19,38.272357,140.8602722
4101053001,宮城県仙台市青葉区高松一丁目,1704,1068,143,1149,315,38.2775858,140.8908725
4101053002,宮城県仙台市青葉区高松二丁目,1443,705,170,968,266,38.2798361,140.8936667
4101053003,宮城県仙台市青葉区高松三丁目,1224,568,160,728,314,38.2815664,140.8951452
4101054000,宮城県仙台市青葉区滝道,1462,645,204,840,404,38.293254,140.8493554
4101055000,宮城県仙台市青葉区立町,2960,2121,168,1829,557,38.3267774,140.6779418
4101056000,宮城県仙台市青葉区台原森林公園,299,131,39,201,59,38.2959839,140.8808803
4101057001,宮城県仙台市青葉区台原一丁目,1507,826,181,1002,273,38.2824023,140.8740752
4101057002,宮城県仙台市青葉区台原二丁目,1116,638,74,760,242,38.2855126,140.8732457
4101057003,宮城県仙台市青葉区台原三丁目,2409,1527,174,1645,451,38.2890591,140.8749669
4101057004,宮城県仙台市青葉区台原四丁目,1288,795,96,847,278,38.284133,140.8755531
4101057005,宮城県仙台市青葉区台原五丁目,1897,960,237,1263,336,38.2844842,140.8793384
4101057006,宮城県仙台市青葉区台原六丁目,1230,555,151,842,219,38.2801638,140.8800052
4101057007,宮城県仙台市青葉区台原七丁目,842,460,101,562,148,38.2842724,140.8824252
4101058001,宮城県仙台市青葉区中央一丁目,36,25,2,19,9,38.2599491,140.8810315
4101058002,宮城県仙台市青葉区中央二丁目,46,19,2,24,19,38.261497,140.8762574
4101058003,宮城県仙台市青葉区中央三丁目,49,35,1,23,21,38.2595983,140.8772483
4101058004,宮城県仙台市青葉区中央四丁目,703,430,68,456,111,38.2570105,140.8793921
4101059000,宮城県仙台市青葉区千代田町,1061,799,38,681,192,38.2820574,140.8478622
4101060000,宮城県仙台市青葉区土樋,1586,952,133,1051,308,38.2492359,140.8771047
4101061000,宮城県仙台市青葉区堤通雨宮町,2839,1382,442,1766,534,38.2772105,140.8696421
4101062001,宮城県仙台市青葉区堤町一丁目,1438,840,129,927,307,38.2832612,140.8704521
4101062002,宮城県仙台市青葉区堤町二丁目,1171,722,96,748,269,38.2858509,140.8683065
4101062003,宮城県仙台市青葉区堤町三丁目,1070,644,96,645,270,38.2887923,140.8699463
4101063001,宮城県仙台市青葉区角五郎一丁目,1295,714,187,886,176,38.2656046,140.8518965
4101063002,宮城県仙台市青葉区角五郎二丁目,1477,883,169,1040,200,38.2659415,140.8469591
4101064001,宮城県仙台市青葉区東照宮一丁目,1742,913,185,1069,434,38.2798248,140.8849436
4101064002,宮城県仙台市青葉区東照宮二丁目,332,204,29,185,88,38.2782275,140.8859751
4101065001,宮城県仙台市青葉区通町一丁目,1618,854,193,1095,298,38.2775485,140.8647038
4101065002,宮城県仙台市青葉区通町二丁目,1456,922,122,1043,201,38.2799687,140.8650274
4101067001,宮城県仙台市青葉区中江一丁目,1231,646,149,653,394,38.2744761,140.8917006
4101067002,宮城県仙台市青葉区中江二丁目,1386,754,157,875,312,38.2718867,140.8938441
4101068001,宮城県仙台市青葉区中山吉成一丁目,937,421,108,493,316,38.2998127,140.8203124
4101068002,宮城県仙台市青葉区中山吉成二丁目,781,332,109,426,235,38.2983829,140.8188761
4101068003,宮城県仙台市青葉区中山吉成三丁目,385,180,42,191,142,38.2972139,140.8180978
4101069001,宮城県仙台市青葉区中山一丁目,1117,504,152,653,295,38.2915224,140.8478781
4101069002,宮城県仙台市青葉区中山二丁目,1299,640,153,709,405,38.2887487,140.8437695
4101069003,宮城県仙台市青葉区中山三丁目,665,297,66,364,221,38.2916747,140.8366814
4101069004,宮城県仙台市青葉区中山四丁目,2330,1054,259,1562,467,38.2920276,140.8404674
4101069005,宮城県仙台市青葉区中山五丁目,1109,515,157,650,277,38.2930699,140.843099
4101069006,宮城県仙台市青葉区中山六丁目,1118,494,138,647,327,38.2963493,140.8397965
4101069007,宮城県仙台市青葉区中山七丁目,977,404,177,610,181,38.2966858,140.8348554
4101069008,宮城県仙台市青葉区中山八丁目,1576,672,208,974,368,38.2975434,140.83123
4101069009,宮城県仙台市青葉区中山九丁目,830,354,110,459,256,38.2999652,140.831552
4101071000,宮城県仙台市青葉区新坂町,924,554,100,598,173,38.2782237,140.8548266
4101072000,宮城県仙台市青葉区西勝山,2164,925,226,1141,771,38.3001502,140.8378095
4101073001,宮城県仙台市青葉区錦町一丁目,2033,1242,232,1292,356,38.2687543,140.8772299
4101073002,宮城県仙台市青葉区錦町二丁目,1186,688,123,806,182,38.2691052,140.8810139
4101074000,宮城県仙台市青葉区新川,312,140,13,146,145,38.2996556,140.6445092
4101075000,宮城県仙台市青葉区支倉町,2092,1267,201,1410,344,38.2679962,140.861558
4101076001,宮城県仙台市青葉区八幡一丁目,1532,867,190,983,279,38.2685445,140.8535345
4101076002,宮城県仙台市青葉区八幡二丁目,1717,1114,144,1125,318,38.2723424,140.8515499
4101076003,宮城県仙台市青葉区八幡三丁目,2347,1589,123,1694,404,38.2683608,140.8472817
4101076004,宮城県仙台市青葉区八幡四丁目,1620,914,117,1058,378,38.2713853,140.847685
4101076005,宮城県仙台市青葉区八幡五丁目,698,408,57,411,204,38.2705963,140.8413511
4101076006,宮城県仙台市青葉区八幡六丁目,781,357,43,376,344,38.2686811,140.8336219
4101076007,宮城県仙台市青葉区八幡七丁目,587,260,56,334,187,38.2678911,140.8272884
4101077000,宮城県仙台市青葉区葉山町,1904,1004,116,1124,554,38.2848096,140.8656749
4101078001,宮城県仙台市青葉区東勝山一丁目,637,332,85,384,149,38.2984351,140.8718604
4101078002,宮城県仙台市青葉区東勝山二丁目,1097,491,122,613,350,38.2946626,140.8645001
4101078003,宮城県仙台市青葉区東勝山三丁目,1100,507,119,586,382,38.297774,140.8636697
4101079000,宮城県仙台市青葉区広瀬町,2230,1171,294,1427,413,38.2688964,140.8573185
4101080000,宮城県仙台市青葉区福沢町,1210,696,107,816,244,38.2741256,140.8879161
4101081000,宮城県仙台市青葉区藤松,581,299,59,317,200,38.2967947,140.8735104
4101082001,宮城県仙台市青葉区双葉ケ丘一丁目,1541,743,163,981,378,38.3036726,140.8756782
4101082002,宮城県仙台市青葉区双葉ケ丘二丁目,414,139,38,151,223,38.3003783,140.8702507
4101083000,宮城県仙台市青葉区二日町,2957,2049,241,1887,472,38.2706405,140.8675171
4101084001,宮城県仙台市青葉区本町一丁目,1460,1107,74,938,197,38.2656456,140.8780589
4101084002,宮城県仙台市青葉区本町二丁目,501,381,17,269,88,38.2646053,140.8754284
4101084003,宮城県仙台市青葉区本町三丁目,466,246,84,300,54,38.267883,140.8721307
4101085001,宮城県仙台市青葉区水の森一丁目,918,477,78,570,240,38.2910307,140.8640145
4101085002,宮城県仙台市青葉区水の森二丁目,1082,435,125,589,356,38.2931,140.8605521
4101085003,宮城県仙台市青葉区水の森三丁目,1643,695,176,838,609,38.2952537,140.8558542
4101085004,宮城県仙台市青葉区水の森四丁目,26,9,1,16,9,38.3031244,140.8569053
4101086001,宮城県仙台市青葉区みやぎ台一丁目,955,346,80,417,451,38.3050242,140.7748738
4101086002,宮城県仙台市青葉区みやぎ台二丁目,1102,438,123,606,370,38.3082189,140.7728007
4101086003,宮城県仙台市青葉区みやぎ台三丁目,1152,471,133,629,382,38.3108913,140.7694116
4101086004,宮城県仙台市青葉区みやぎ台四丁目,840,351,82,430,319,38.3117465,140.7657832
4101086005,宮城県仙台市青葉区みやぎ台五丁目,629,255,83,338,207,38.3126016,140.7621545
4101087001,宮城県仙台市青葉区宮町一丁目,1736,1151,134,1210,267,38.2670366,140.8844733
4101087002,宮城県仙台市青葉区宮町二丁目,1307,1005,69,1005,126,38.2701032,140.8842619
4101087003,宮城県仙台市青葉区宮町三丁目,1292,673,158,864,216,38.2726075,140.8833522
4101087004,宮城県仙台市青葉区宮町四丁目,1513,990,107,1036,282,38.2756745,140.8831408
4101087005,宮城県仙台市青葉区宮町五丁目,1293,636,168,883,198,38.2767574,140.8851549
4101088000,宮城県仙台市青葉区向田,493,209,53,265,173,38.2799978,140.7927624
4101089000,宮城県仙台市青葉区茂庭,73,25,7,37,29,38.2548839,140.8031445
4101090000,宮城県仙台市青葉区山手町,2738,1617,188,1845,532,38.2869484,140.852253
4101091001,宮城県仙台市青葉区吉成一丁目,949,393,127,492,318,38.2900936,140.824008
4101091002,宮城県仙台市青葉区吉成二丁目,728,293,74,368,283,38.2935396,140.8182336
4101091003,宮城県仙台市青葉区吉成三丁目,774,337,96,380,290,38.2911183,140.8179123
4101092001,宮城県仙台市青葉区錦ケ丘一丁目,624,239,169,334,119,38.2584256,140.7687407
4101092002,宮城県仙台市青葉区錦ケ丘二丁目,579,180,95,401,83,38.2548804,140.767029
4101092003,宮城県仙台市青葉区錦ケ丘三丁目,1536,425,580,883,72,38.2524617,140.7667109
4101092004,宮城県仙台市青葉区錦ケ丘四丁目,1122,320,457,626,39,38.2521296,140.7716483
4101092005,宮城県仙台市青葉区錦ケ丘五丁目,1248,422,286,777,185,38.250541,140.7589868
4101092006,宮城県仙台市青葉区錦ケ丘六丁目,960,326,192,571,191,38.2527936,140.7617733
4101092007,宮城県仙台市青葉区錦ケ丘七丁目,516,179,104,298,114,38.2558999,140.760936
4101092008,宮城県仙台市青葉区錦ケ丘八丁目,1390,417,304,952,120,38.2591723,140.7576295
4101092009,宮城県仙台市青葉区錦ケ丘九丁目,476,135,120,327,29,38.2621134,140.7592612
4101093001,宮城県仙台市青葉区赤坂一丁目,433,148,67,268,98,38.2925098,140.7520366
4101093002,宮城県仙台市青葉区赤坂二丁目,1040,402,155,653,227,38.2943005,140.7435458
4101093003,宮城県仙台市青葉区赤坂三丁目,850,321,125,584,138,38.2923187,140.7457792
4101094001,宮城県仙台市青葉区栗生一丁目,1027,417,126,650,244,38.2615155,140.7953035
4101094002,宮城県仙台市青葉区栗生二丁目,780,314,154,483,128,38.2675221,140.7967203
4101094003,宮城県仙台市青葉区栗生三丁目,1086,475,127,722,222,38.2658326,140.7946285
4101094004,宮城県仙台市青葉区栗生四丁目,848,405,103,529,204,38.2678558,140.7917816
4101094005,宮城県仙台市青葉区栗生五丁目,728,322,106,452,148,38.2668545,140.7885351
4101094006,宮城県仙台市青葉区栗生六丁目,600,210,107,355,128,38.2677094,140.7849108
4101094007,宮城県仙台市青葉区栗生七丁目,306,155,49,185,63,38.2675208,140.7786574
4101095001,宮城県仙台市青葉区中山台一丁目,448,169,48,283,110,38.2987601,140.8133166
4101095002,宮城県仙台市青葉区中山台二丁目,1041,419,84,639,311,38.3016619,140.8155713
4101095003,宮城県仙台市青葉区中山台三丁目,571,230,41,325,205,38.3016105,140.8118245
4101095004,宮城県仙台市青葉区中山台四丁目,528,224,68,308,148,38.2978005,140.8094498
4101096000,宮城県仙台市青葉区ニツカ,10,5,0,6,4,38.3091435,140.6518625
4101097001,宮城県仙台市青葉区南吉成一丁目,630,253,70,325,232,38.2866298,140.8210555
4101097002,宮城県仙台市青葉区南吉成二丁目,730,280,105,433,192,38.284898,140.8195795
4101097003,宮城県仙台市青葉区南吉成三丁目,516,155,68,248,199,38.2874866,140.8174305
4101097004,宮城県仙台市青葉区南吉成四丁目,526,208,49,329,147,38.2883013,140.814423
4101097005,宮城県仙台市青葉区南吉成五丁目,554,213,87,390,75,38.2909319,140.8116559
4101097006,宮城県仙台市青葉区南吉成六丁目,298,105,31,145,116,38.2854008,140.8121691
4101097007,宮城県仙台市青葉区南吉成七丁目,528,169,63,257,197,38.282645,140.8167883
4101098000,宮城県仙台市青葉区臨済院,0,0,0,0,0,38.2851638,140.8280264
4101099000,宮城県仙台市青葉区川内追廻,0,0,0,0,0,38.2540456,140.8603161
4101100000,宮城県仙台市青葉区川内亀岡北裏丁,173,138,5,133,25,38.2624218,140.8471125
4101101000,宮城県仙台市青葉区川内亀岡町,1006,773,64,809,68,38.2608009,140.8462737
4101102000,宮城県仙台市青葉区川内川前丁,368,290,15,276,55,38.2643674,140.8610729
4101103000,宮城県仙台市青葉区川内三十人町,1615,1170,139,1125,167,38.2638077,140.844494
4101104000,宮城県仙台市青葉区川内大工町,506,388,23,373,56,38.2627218,140.858362
4101105000,宮城県仙台市青葉区川内中ノ瀬町,49,29,5,26,15,38.2611678,140.8587771
4101106000,宮城県仙台市青葉区川内明神横丁,144,121,3,111,13,38.2650776,140.8596109
4101107000,宮城県仙台市青葉区川内山屋敷,318,280,2,255,36,38.2582979,140.8471854
4101108000,宮城県仙台市青葉区川内澱橋通,526,402,18,355,87,38.2657879,140.8581488
4101109000,宮城県仙台市青葉区川内元支倉,420,207,80,323,9,38.2637059,140.8528886
4101110000,宮城県仙台市青葉区青葉山,0,0,0,0,0,38.2597825,140.8567239
4101111001,宮城県仙台市青葉区愛子中央一丁目,224,110,35,147,31,38.2728359,140.7631614
4101111002,宮城県仙台市青葉区愛子中央二丁目,707,335,102,437,154,38.2765078,140.763021
4101111003,宮城県仙台市青葉区愛子中央三丁目,1212,543,173,685,341,38.274983,140.7584598
4101111004,宮城県仙台市青葉区愛子中央四丁目,621,218,97,383,130,38.2753975,140.7522844
4101111005,宮城県仙台市青葉区愛子中央五丁目,744,344,124,500,104,38.2730312,140.7557117
4101111006,宮城県仙台市青葉区愛子中央六丁目,353,150,58,200,80,38.2722603,140.7581023
4101113000,宮城県仙台市青葉区中山台西,457,160,83,321,48,38.3040327,140.8121455
4102001001,宮城県仙台市宮城野区安養寺一丁目,1470,662,170,877,399,38.2881379,140.8972748
4102001002,宮城県仙台市宮城野区安養寺二丁目,1381,591,142,774,439,38.2858974,140.9032041
4102001003,宮城県仙台市宮城野区安養寺三丁目,99,42,23,52,24,38.2836566,140.9091326
4102002000,宮城県仙台市宮城野区銀杏町,2482,1469,200,1706,440,38.263959,140.9114609
4102003001,宮城県仙台市宮城野区出花一丁目,1296,670,149,921,176,38.2778271,140.9843424
4102003002,宮城県仙台市宮城野区出花二丁目,846,424,91,565,168,38.2785621,140.9869343
4102003003,宮城県仙台市宮城野区出花三丁目,466,209,76,312,66,38.2795995,140.9895675
4102004000,宮城県仙台市宮城野区岩切,243,124,34,177,21,38.2989884,140.9436065
4102004101,宮城県仙台市宮城野区岩切分台一丁目,616,263,143,429,31,38.3047904,140.9568587
4102004102,宮城県仙台市宮城野区岩切分台二丁目,566,181,100,312,142,38.3082515,140.9598222
4102004103,宮城県仙台市宮城野区岩切分台三丁目,1154,464,226,817,92,38.3078607,140.9566524
4102004201,宮城県仙台市宮城野区岩切字水分,9156,3775,1394,5603,1998,38.3013181,140.9364432
4102004202,宮城県仙台市宮城野区岩切字三所南,4327,1641,672,2647,945,38.3006331,140.9463223
4102005001,宮城県仙台市宮城野区岩切一丁目,443,186,53,258,129,38.2921527,140.9364489
4102005002,宮城県仙台市宮城野区岩切二丁目,887,391,116,549,210,38.2935342,140.9341434
4102005003,宮城県仙台市宮城野区岩切三丁目,877,366,130,514,222,38.2961264,140.9320014
4102006001,宮城県仙台市宮城野区扇町一丁目,5,3,0,4,5,38.2708115,140.9447714
4102006002,宮城県仙台市宮城野区扇町二丁目,0,0,0,0,0,38.2673539,140.9418116
4102006003,宮城県仙台市宮城野区扇町三丁目,3,2,0,0,0,38.2625161,140.9411562
4102006004,宮城県仙台市宮城野区扇町四丁目,0,0,0,0,0,38.2618314,140.9510263
4102006005,宮城県仙台市宮城野区扇町五丁目,0,0,0,0,0,38.2680498,140.9493792
4102006006,宮城県仙台市宮城野区扇町六丁目,4,2,0,0,0,38.2676214,140.9555487
4102006007,宮城県仙台市宮城野区扇町七丁目,0,0,0,0,0,38.2610822,140.9537881
4102007000,宮城県仙台市宮城野区大梶,2879,1341,285,1770,768,38.2714621,140.9000155
4102008000,宮城県仙台市宮城野区岡田,1603,523,176,917,502,38.2426744,140.9807919
4102009000,宮城県仙台市宮城野区岡田西町,0,0,0,0,0,38.2557043,140.9601564
4102014000,宮城県仙台市宮城野区小田原山本丁,481,248,65,296,95,38.2645568,140.8872543
4102015000,宮城県仙台市宮城野区小田原弓ノ町,1331,736,221,900,116,38.2643025,140.8909566
4102016001,宮城県仙台市宮城野区小田原一丁目,3014,1674,467,2074,257,38.266008,140.890563
4102016002,宮城県仙台市宮城野区小田原二丁目,1075,594,91,688,250,38.2651487,140.8941841
4102016003,宮城県仙台市宮城野区小田原三丁目,1140,641,84,722,276,38.2680878,140.8958248
4102016100,宮城県仙台市宮城野区中野,39,13,11,24,4,38.2716922,140.9847508
4102017000,宮城県仙台市宮城野区花京院通,0,0,0,0,0,38.2647793,140.8840147
4102018000,宮城県仙台市宮城野区蟹沢,59,22,10,39,10,38.2835619,140.9016437
4102019000,宮城県仙台市宮城野区蒲生,1876,665,207,1159,510,38.2537276,140.9972406
4102020001,宮城県仙台市宮城野区蒲生一丁目,19,9,0,0,0,38.2621478,140.9946564
4102020002,宮城県仙台市宮城野区蒲生二丁目,2,1,0,0,0,38.2610682,141.0057163
4102021000,宮城県仙台市宮城野区車町,564,308,102,386,15,38.2647263,140.884786
4102022000,宮城県仙台市宮城野区小鶴,17,2,0,0,0,38.2784127,140.9408185
4102023001,宮城県仙台市宮城野区小鶴一丁目,876,370,112,538,215,38.2854034,140.928059
4102023002,宮城県仙台市宮城野区小鶴二丁目,553,279,69,393,74,38.28346,140.9296654
4102023003,宮城県仙台市宮城野区小鶴三丁目,628,320,86,354,181,38.2812532,140.9262521
4102024001,宮城県仙台市宮城野区五輪一丁目,1786,967,197,1146,374,38.2617855,140.8987138
4102024002,宮城県仙台市宮城野区五輪二丁目,2199,1320,186,1430,494,38.2637795,140.9052094
4102025001,宮城県仙台市宮城野区幸町一丁目,976,570,105,642,181,38.2779362,140.8946572
4102025002,宮城県仙台市宮城野区幸町二丁目,3161,1423,452,2081,545,38.2753464,140.8968008
4102025003,宮城県仙台市宮城野区幸町三丁目,2321,1143,226,1335,708,38.2762165,140.9019011
4102025004,宮城県仙台市宮城野区幸町四丁目,33,1,0,22,11,38.2765239,140.9063029
4102025005,宮城県仙台市宮城野区幸町五丁目,1295,587,157,829,294,38.2736267,140.904044
4102026001,宮城県仙台市宮城野区栄一丁目,657,297,58,386,200,38.2805054,140.9809703
4102026002,宮城県仙台市宮城野区栄二丁目,1537,765,180,994,327,38.2805054,140.9809703
4102026003,宮城県仙台市宮城野区栄三丁目,715,356,89,397,202,38.2805054,140.9809703
4102026004,宮城県仙台市宮城野区栄四丁目,1357,674,140,840,304,38.2821481,140.9836861
4102026005,宮城県仙台市宮城野区栄五丁目,1086,508,118,764,158,38.282797,140.9875124
4102027001,宮城県仙台市宮城野区清水沼一丁目,601,336,53,389,120,38.2654988,140.8979678
4102027002,宮城県仙台市宮城野区清水沼二丁目,1028,581,91,637,259,38.2672707,140.8988289
4102027003,宮城県仙台市宮城野区清水沼三丁目,1114,523,142,685,254,38.2682679,140.902077
4102030000,宮城県仙台市宮城野区自由ケ丘,1172,513,161,682,322,38.290909,140.9013862
4102032101,宮城県仙台市宮城野区田子一丁目,2428,1257,265,1634,408,38.2780797,140.9631982
4102032102,宮城県仙台市宮城野区田子二丁目,1916,963,287,1375,179,38.2807572,140.9598247
4102032103,宮城県仙台市宮城野区田子三丁目,2080,900,325,1345,363,38.2829196,140.9638564
4102032200,宮城県仙台市宮城野区田子,1002,333,133,486,376,38.2818813,140.9612234
4102032301,宮城県仙台市宮城野区田子西一丁目,650,260,139,343,166,38.2876704,140.957026
4102032302,宮城県仙台市宮城野区田子西二丁目,765,284,127,429,209,38.284559,140.9578494
4102032303,宮城県仙台市宮城野区田子西三丁目,387,130,63,232,92,38.2804525,140.9554227
4102034000,宮城県仙台市宮城野区榴ケ岡,2268,1333,284,1545,237,38.2610005,140.8923812
4102035001,宮城県仙台市宮城野区榴岡一丁目,304,221,14,210,48,38.2590904,140.8846524
4102035002,宮城県仙台市宮城野区榴岡二丁目,812,357,81,599,73,38.2612068,140.8849364
4102035003,宮城県仙台市宮城野区榴岡三丁目,1977,1268,152,1292,341,38.2606502,140.8885979
4102035004,宮城県仙台市宮城野区榴岡四丁目,801,472,65,457,237,38.2582315,140.8882731
4102035005,宮城県仙台市宮城野区榴岡五丁目,1458,863,120,1054,185,38.2578924,140.8932089
4102037000,宮城県仙台市宮城野区燕沢字前塚,0,0,0,0,0,38.2848907,140.935466
4102037001,宮城県仙台市宮城野区燕沢一丁目,1095,458,110,637,333,38.2815945,140.9213144
4102037002,宮城県仙台市宮城野区燕沢二丁目,1437,601,159,879,384,38.2835802,140.9190905
4102037003,宮城県仙台市宮城野区燕沢三丁目,748,299,95,437,209,38.2869551,140.9232844
4102038001,宮城県仙台市宮城野区燕沢東一丁目,369,165,49,243,62,38.2868343,140.9338599
4102038002,宮城県仙台市宮城野区燕沢東二丁目,686,265,121,357,201,38.287265,140.932049
4102038003,宮城県仙台市宮城野区燕沢東三丁目,1129,447,148,668,299,38.2888634,140.9310191
4102039000,宮城県仙台市宮城野区鶴ケ谷,636,221,57,310,248,38.2906102,140.9165613
4102040001,宮城県仙台市宮城野区鶴ケ谷一丁目,1262,519,151,626,483,38.2867674,140.9083057
4102040002,宮城県仙台市宮城野区鶴ケ谷二丁目,2150,1162,227,938,956,38.2888475,140.9135706
4102040003,宮城県仙台市宮城野区鶴ケ谷三丁目,1060,408,187,537,336,38.2897082,140.9099481
4102040004,宮城県仙台市宮城野区鶴ケ谷四丁目,1300,520,152,681,464,38.2922994,140.9078047
4102040005,宮城県仙台市宮城野区鶴ケ谷五丁目,1397,660,159,738,485,38.2936894,140.9142236
4102040006,宮城県仙台市宮城野区鶴ケ谷六丁目,2258,1227,144,1096,1001,38.291882,140.9227036
4102040007,宮城県仙台市宮城野区鶴ケ谷七丁目,1212,499,153,618,432,38.2878161,140.9196623
4102040008,宮城県仙台市宮城野区鶴ケ谷八丁目,751,341,73,405,269,38.2876841,140.9171522
4102041001,宮城県仙台市宮城野区鶴ケ谷北一丁目,520,204,44,211,265,38.296068,140.9151675
4102041002,宮城県仙台市宮城野区鶴ケ谷北二丁目,435,166,46,217,170,38.2981441,140.9160708
4102042001,宮城県仙台市宮城野区鶴ケ谷東一丁目,526,202,86,286,149,38.2886852,140.9247642
4102042002,宮城県仙台市宮城野区鶴ケ谷東二丁目,1262,534,167,708,363,38.2914551,140.9288771
4102042003,宮城県仙台市宮城野区鶴ケ谷東三丁目,918,385,143,480,288,38.2938761,140.9292045
4102042004,宮城県仙台市宮城野区鶴ケ谷東四丁目,791,339,113,489,178,38.2954283,140.9244289
4102043001,宮城県仙台市宮城野区鶴巻一丁目,1061,485,166,687,176,38.2632208,140.9661596
4102043002,宮城県仙台市宮城野区鶴巻二丁目,144,64,12,87,44,38.2604999,140.9657894
4102044000,宮城県仙台市宮城野区鉄砲町,163,75,27,119,15,38.2628836,140.8960592
4102045000,宮城県仙台市宮城野区名掛丁,415,280,33,272,58,38.2625009,140.8838646
4102046101,宮城県仙台市宮城野区中野一丁目,731,286,122,451,145,38.2722089,140.9773476
4102046102,宮城県仙台市宮城野区中野二丁目,568,230,92,411,57,38.27437,140.9813793
4102046103,宮城県仙台市宮城野区中野三丁目,0,0,0,0,0,38.2739392,140.9875488
4102046104,宮城県仙台市宮城野区中野四丁目,0,0,0,0,0,38.2694454,140.9819531
4102046105,宮城県仙台市宮城野区中野五丁目,5,1,0,0,0,38.2665956,140.9877917
4102046200,宮城県仙台市宮城野区中野,1165,600,118,769,245,38.2716922,140.9847508
4102047001,宮城県仙台市宮城野区苦竹一丁目,1674,1000,90,1059,430,38.2684565,140.9170496
4102047002,宮城県仙台市宮城野区苦竹二丁目,583,355,68,450,44,38.2703643,140.9247808
4102047003,宮城県仙台市宮城野区苦竹三丁目,3,1,0,0,0,38.2670843,140.9280743
4102047004,宮城県仙台市宮城野区苦竹四丁目,0,0,0,0,0,38.2634558,140.9275838
4102048000,宮城県仙台市宮城野区西宮城野,1199,768,113,872,141,38.2554368,140.8978598
4102049000,宮城県仙台市宮城野区二十人町,1859,1351,151,1334,115,38.2623371,140.8906926
4102050000,宮城県仙台市宮城野区二の森,1850,782,243,1211,380,38.2788064,140.8997578
4102051001,宮城県仙台市宮城野区萩野町一丁目,1232,684,131,831,212,38.2584743,140.9113442
4102051002,宮城県仙台市宮城野区萩野町二丁目,1274,590,165,931,163,38.2558432,140.9141026
4102051003,宮城県仙台市宮城野区萩野町三丁目,1676,900,181,1086,349,38.2574015,140.9180486
4102051004,宮城県仙台市宮城野区萩野町四丁目,1271,669,172,862,177,38.2595134,140.913975
4102052101,宮城県仙台市宮城野区平成一丁目,1461,858,108,975,323,38.2698365,140.9147445
4102052102,宮城県仙台市宮城野区平成二丁目,1374,760,97,872,360,38.2708758,140.917376
4102052200,宮城県仙台市宮城野区小鶴,2,1,0,0,0,38.2784127,140.9408185
4102053000,宮城県仙台市宮城野区原町南目,98,80,3,72,9,38.2629711,140.8970051
4102054001,宮城県仙台市宮城野区原町一丁目,1686,988,158,1171,283,38.263902,140.8989985
4102054002,宮城県仙台市宮城野区原町二丁目,1256,624,182,826,216,38.2656788,140.9042196
4102054003,宮城県仙台市宮城野区原町三丁目,1181,766,101,824,167,38.267238,140.9081662
4102054004,宮城県仙台市宮城野区原町四丁目,695,373,74,470,122,38.2694351,140.9028569
4102054005,宮城県仙台市宮城野区原町五丁目,1026,640,73,667,241,38.2696573,140.9084922
4102054006,宮城県仙台市宮城野区原町六丁目,336,193,26,224,69,38.2706968,140.9111236
4102055001,宮城県仙台市宮城野区東仙台一丁目,1516,826,143,960,350,38.2796941,140.9223037
4102055002,宮城県仙台市宮城野区東仙台二丁目,1256,711,130,877,200,38.2781886,140.9168372
4102055003,宮城県仙台市宮城野区東仙台三丁目,722,453,53,463,183,38.2725965,140.9101339
4102055004,宮城県仙台市宮城野区東仙台四丁目,1609,677,339,1085,159,38.276226,140.9106231
4102055005,宮城県仙台市宮城野区東仙台五丁目,1287,627,102,745,417,38.2766181,140.9137905
4102055006,宮城県仙台市宮城野区東仙台六丁目,1339,484,206,755,370,38.2796857,140.9135813
4102055007,宮城県仙台市宮城野区東仙台七丁目,805,331,102,476,220,38.2821059,140.9139076
4102056000,宮城県仙台市宮城野区東宮城野,1237,615,190,799,229,38.25982,140.918375
4102057000,宮城県仙台市宮城野区東六番丁,0,0,0,0,0,38.2640657,140.8832962
4102062001,宮城県仙台市宮城野区日の出町一丁目,2,1,0,0,0,38.2701151,140.9372033
4102062002,宮城県仙台市宮城野区日の出町二丁目,2,1,0,0,0,38.2672621,140.934326
4102062003,宮城県仙台市宮城野区日の出町三丁目,21,11,1,12,17,38.2642384,140.9339169
4102063000,宮城県仙台市宮城野区福住町,1667,801,175,1086,356,38.273841,140.953902
4102064001,宮城県仙台市宮城野区福田町一丁目,1332,640,183,907,201,38.2728073,140.95999
4102064002,宮城県仙台市宮城野区福田町二丁目,2826,1505,363,1880,455,38.2677972,140.9618002
4102064003,宮城県仙台市宮城野区福田町三丁目,479,217,69,304,97,38.2640401,140.9631575
4102064004,宮城県仙台市宮城野区福田町四丁目,707,331,78,459,159,38.2632618,140.9611836
4102065001,宮城県仙台市宮城野区福田町南一丁目,317,168,43,206,46,38.2581225,140.960485
4102065002,宮城県仙台市宮城野区福田町南二丁目,55,33,2,34,15,38.2587719,140.9643091
4102066001,宮城県仙台市宮城野区福室字田中東一番,931,401,113,547,238,38.2622295,140.9716288
4102066002,宮城県仙台市宮城野区福室字県道前,0,0,0,0,0,38.2748435,140.9745925
4102068000,宮城県仙台市宮城野区枡江,608,262,106,401,89,38.2801964,140.9061745
4102069000,宮城県仙台市宮城野区松岡町,214,108,22,128,61,38.2747181,140.9147801
4102070001,宮城県仙台市宮城野区港一丁目,0,0,0,0,0,38.2647816,141.0136972
4102070002,宮城県仙台市宮城野区港二丁目,0,0,0,0,0,38.2684106,140.996758
4102070003,宮城県仙台市宮城野区港三丁目,0,0,0,0,0,38.2753227,141.0026861
4102070004,宮城県仙台市宮城野区港四丁目,0,0,0,0,0,38.2765304,141.0202913
4102070005,宮城県仙台市宮城野区港五丁目,0,0,0,0,0,38.2779083,141.0354293
4102071000,宮城県仙台市宮城野区南目館,1684,519,138,1506,6,38.2640527,140.9189463
4102072001,宮城県仙台市宮城野区宮城野一丁目,1742,1116,149,1124,339,38.2575529,140.8981445
4102072002,宮城県仙台市宮城野区宮城野二丁目,1669,913,218,1150,256,38.2533613,140.9026137
4102072003,宮城県仙台市宮城野区宮城野三丁目,1157,470,194,799,161,38.2563536,140.9067
4102073001,宮城県仙台市宮城野区宮千代一丁目,1810,1054,174,1226,315,38.2549744,140.9090046
4102073002,宮城県仙台市宮城野区宮千代二丁目,1210,641,131,838,190,38.253425,140.9137765
4102073003,宮城県仙台市宮城野区宮千代三丁目,1056,534,127,737,165,38.2532122,140.9168607
4102074000,宮城県仙台市宮城野区元寺小路,327,274,11,249,9,38.2637104,140.8840269
4102076000,宮城県仙台市宮城野区仙石,843,341,75,501,261,38.2731453,140.9463335
4102077001,宮城県仙台市宮城野区高砂一丁目,2349,1189,255,1668,349,38.2701338,140.9720825
4102077002,宮城県仙台市宮城野区高砂二丁目,886,478,75,612,169,38.2678007,140.9705193
4102078001,宮城県仙台市宮城野区白鳥一丁目,1856,823,174,1152,506,38.2648658,140.9775922
4102078002,宮城県仙台市宮城野区白鳥二丁目,1083,444,129,615,330,38.2618444,140.9858977
4102079001,宮城県仙台市宮城野区新田一丁目,2104,1156,214,1360,450,38.2731249,140.9201709
4102079002,宮城県仙台市宮城野区新田二丁目,2041,1050,254,1344,390,38.2765838,140.9231295
4102079003,宮城県仙台市宮城野区新田三丁目,1826,835,277,1163,337,38.2786624,140.9283938
4102079004,宮城県仙台市宮城野区新田四丁目,2937,1475,413,2029,401,38.2756376,140.9279849
4102079005,宮城県仙台市宮城野区新田五丁目,1235,593,163,874,148,38.2720935,140.9262601
4102080001,宮城県仙台市宮城野区福室一丁目,821,441,71,549,159,38.2693539,140.9657485
4102080002,宮城県仙台市宮城野区福室二丁目,2100,1091,186,1408,445,38.2724639,140.964926
4102080003,宮城県仙台市宮城野区福室三丁目,3010,1366,372,2024,559,38.2753164,140.9678054
4102080004,宮城県仙台市宮城野区福室四丁目,1213,461,203,690,309,38.2767872,140.9729886
4102080005,宮城県仙台市宮城野区福室五丁目,2188,1006,266,1288,606,38.2798979,140.9721665
4102080006,宮城県仙台市宮城野区福室六丁目,2148,952,315,1313,507,38.2849101,140.9703571
4102080007,宮城県仙台市宮城野区福室七丁目,1236,509,128,743,348,38.283528,140.9726609
4102082000,宮城県仙台市宮城野区二十人町通,2,1,0,0,0,38.2626336,140.8969208
4102085001,宮城県仙台市宮城野区新田東一丁目,1096,449,224,785,70,38.2783207,140.933331
4102085002,宮城県仙台市宮城野区新田東二丁目,3327,1433,637,2397,223,38.274691,140.9328399
4102085003,宮城県仙台市宮城野区新田東三丁目,1112,647,161,838,49,38.2738298,140.9364606
4102085004,宮城県仙台市宮城野区新田東四丁目,296,104,75,211,8,38.279317,140.9365805
4102085005,宮城県仙台市宮城野区新田東五丁目,557,224,115,395,32,38.2807407,140.9336584
4102086001,宮城県仙台市宮城野区仙台港北一丁目,0,0,0,0,0,38.2795568,140.994545
4102086002,宮城県仙台市宮城野区仙台港北二丁目,0,0,0,0,0,38.279125,141.000715
4102090000,宮城県仙台市宮城野区鉄砲町中,901,628,44,673,57,38.2636313,140.889621
4102091000,宮城県仙台市宮城野区鉄砲町西,544,346,38,387,57,38.2635621,140.8861866
4102092000,宮城県仙台市宮城野区鉄砲町東,1141,564,186,779,128,38.2636368,140.8939809
4103001000,宮城県仙台市若林区荒井,1251,434,150,679,416,38.2298913,140.9541599
4103002000,宮城県仙台市若林区荒浜,212,72,11,120,81,38.226103,140.9735548
4103003001,宮城県仙台市若林区荒浜新一丁目,0,0,0,0,0,38.2202812,140.9783604
4103003002,宮城県仙台市若林区荒浜新二丁目,0,0,0,0,0,38.2168302,140.9754018
4103004000,宮城県仙台市若林区荒町,1016,691,56,667,230,38.2487282,140.884507
4103005000,宮城県仙台市若林区飯田,232,81,18,133,81,38.2165142,140.9448793
4103007000,宮城県仙台市若林区石垣町,232,125,33,121,69,38.2471324,140.8855379
4103008000,宮城県仙台市若林区石名坂,1054,580,106,651,250,38.2452344,140.8865281
4103009000,宮城県仙台市若林区五橋,1756,885,228,1137,290,38.2536913,140.8833053
4103010000,宮城県仙台市若林区一本杉町,2092,1092,211,1293,520,38.2441791,140.9063052
4103011000,宮城県仙台市若林区井土,19,10,0,5,14,38.1998827,140.9650093
4103012000,宮城県仙台市若林区今泉,709,179,89,323,297,38.20469,140.9308388
4103013000,宮城県仙台市若林区裏柴田町,331,194,23,198,76,38.2498211,140.895237
4103014000,宮城県仙台市若林区沖野,26,10,3,14,9,38.2274494,140.9189853
4103015001,宮城県仙台市若林区沖野一丁目,1332,575,146,783,399,38.2327926,140.9122391
4103015002,宮城県仙台市若林区沖野二丁目,2176,927,272,1370,519,38.2297721,140.9118319
4103015003,宮城県仙台市若林区沖野三丁目,2193,880,307,1298,548,38.2261478,140.9113432
4103015004,宮城県仙台市若林区沖野四丁目,277,124,17,149,107,38.2234063,140.9091072
4103015005,宮城県仙台市若林区沖野五丁目,479,211,40,294,142,38.2237318,140.9110175
4103015006,宮城県仙台市若林区沖野六丁目,2717,1074,381,1483,835,38.2238255,140.9184961
4103015007,宮城県仙台市若林区沖野七丁目,2167,815,350,1250,552,38.2273643,140.9202182
4103016000,宮城県仙台市若林区表柴田町,638,362,59,422,129,38.2486122,140.8950744
4103017001,宮城県仙台市若林区卸町東一丁目,0,0,0,0,0,38.2582837,140.9405828
4103017002,宮城県仙台市若林区卸町東二丁目,0,0,0,0,0,38.2584605,140.9468331
4103017003,宮城県仙台市若林区卸町東三丁目,0,0,0,0,0,38.2556944,140.9427224
4103017004,宮城県仙台市若林区卸町東四丁目,0,0,0,0,0,38.2551809,140.9501239
4103017005,宮城県仙台市若林区卸町東五丁目,2,1,0,0,0,38.2536292,140.9548938
4103018001,宮城県仙台市若林区卸町一丁目,10,4,0,0,0,38.2542509,140.9194912
4103018002,宮城県仙台市若林区卸町二丁目,276,145,46,197,21,38.2539526,140.923809
4103018003,宮城県仙台市若林区卸町三丁目,171,94,24,88,60,38.2587892,140.9244624
4103018004,宮城県仙台市若林区卸町四丁目,0,0,0,0,0,38.2611457,140.9301043
4103018005,宮城県仙台市若林区卸町五丁目,1,1,0,0,0,38.2553397,140.9302224
4103019000,宮城県仙台市若林区霞目谷風,2,1,0,0,0,38.2350972,140.9318417
4103019001,宮城県仙台市若林区霞目一丁目,314,80,50,253,1,38.2345283,140.9224301
4103019002,宮城県仙台市若林区霞目二丁目,1972,793,259,1154,550,38.2334127,140.9297469
4103020100,宮城県仙台市若林区蒲町,1829,789,263,1118,430,38.2438553,140.9286695
4103021000,宮城県仙台市若林区上飯田,149,27,20,56,73,38.2176162,140.9201463
4103022001,宮城県仙台市若林区河原町一丁目,1974,1119,191,1342,370,38.2392391,140.8894577
4103022002,宮城県仙台市若林区河原町二丁目,1558,953,124,1056,322,38.2366526,140.8915997
4103023001,宮城県仙台市若林区木ノ下一丁目,1181,626,108,746,276,38.2508179,140.8984837
4103023002,宮城県仙台市若林区木ノ下二丁目,743,418,69,476,161,38.2518571,140.9011138
4103023003,宮城県仙台市若林区木ノ下三丁目,234,146,21,166,29,38.2522068,140.9048963
4103023004,宮城県仙台市若林区木ノ下四丁目,772,408,95,500,161,38.2492218,140.8995141
4103023005,宮城県仙台市若林区木ノ下五丁目,508,281,47,342,106,38.2486224,140.9037911
4103024000,宮城県仙台市若林区穀町,288,220,8,204,56,38.2452161,140.8890156
4103025000,宮城県仙台市若林区椌木通,418,187,50,280,85,38.2483364,140.8990837
4103026000,宮城県仙台市若林区五十人町,951,628,55,634,197,38.2455901,140.8946682
4103027000,宮城県仙台市若林区三百人町,1052,684,78,715,173,38.2465391,140.8941732
4103028000,宮城県仙台市若林区三本塚,254,75,30,135,89,38.2102252,140.9564655
4103029000,宮城県仙台市若林区清水小路,630,513,31,463,20,38.2513578,140.8817471
4103030000,宮城県仙台市若林区下飯田,183,57,22,86,74,38.2186674,140.9401947
4103031000,宮城県仙台市若林区白萩町,1069,596,95,667,262,38.2513472,140.9085159
4103032000,宮城県仙台市若林区志波町,932,558,57,597,239,38.2504876,140.9121353
4103033001,宮城県仙台市若林区新寺一丁目,2187,1367,198,1496,278,38.256238,140.885513
4103033002,宮城県仙台市若林区新寺二丁目,559,380,49,398,52,38.2563753,140.8886465
4103033003,宮城県仙台市若林区新寺三丁目,1258,814,65,841,256,38.2546039,140.887786
4103033004,宮城県仙台市若林区新寺四丁目,1054,707,83,733,150,38.2545671,140.892762
4103033005,宮城県仙台市若林区新寺五丁目,404,228,30,248,100,38.2559937,140.894199
4103034000,宮城県仙台市若林区新弓ノ町,364,214,40,245,66,38.2406651,140.8908941
4103035000,宮城県仙台市若林区畳屋丁,447,306,32,314,60,38.2452401,140.8908862
4103036000,宮城県仙台市若林区種次,212,72,19,101,92,38.1936687,140.949243
4103037000,宮城県仙台市若林区長喜城,356,80,37,154,157,38.237734,140.9377995
4103038000,宮城県仙台市若林区土樋,1760,1171,123,1104,399,38.2457907,140.8828679
4103039000,宮城県仙台市若林区土樋,319,148,44,199,65,38.2457907,140.8828679
4103040000,宮城県仙台市若林区鶴代町,1,1,0,0,0,38.2586369,140.9530834
4103041000,宮城県仙台市若林区遠見塚東,444,217,47,262,129,38.2371538,140.9153166
4103042001,宮城県仙台市若林区遠見塚一丁目,1697,714,209,1055,400,38.2371919,140.9103429
4103042002,宮城県仙台市若林区遠見塚二丁目,2337,1003,308,1390,607,38.2400431,140.9132168
4103042003,宮城県仙台市若林区遠見塚三丁目,836,379,116,499,207,38.2427241,140.9185578
4103043000,宮城県仙台市若林区堰場,168,101,20,117,22,38.2332447,140.8923865
4103044001,宮城県仙台市若林区中倉一丁目,1349,653,144,787,396,38.2444434,140.9113204
4103044002,宮城県仙台市若林区中倉二丁目,2551,1128,333,1596,585,38.2441031,140.9162541
4103044003,宮城県仙台市若林区中倉三丁目,1557,830,134,985,403,38.2461799,140.9215141
4103045000,宮城県仙台市若林区成田町,1198,663,102,805,262,38.2477479,140.8943357
4103046000,宮城県仙台市若林区二軒茶屋,1205,669,114,804,240,38.2534482,140.8957246
4103047000,宮城県仙台市若林区西新丁,180,92,17,119,40,38.2476895,140.8996192
4103048000,宮城県仙台市若林区日辺,752,211,92,345,314,38.2081262,140.9163773
4103049000,宮城県仙台市若林区八軒小路,174,99,13,101,57,38.242759,140.8914866
4103050000,宮城県仙台市若林区東新丁,182,83,22,130,27,38.2478219,140.9021271
4103051000,宮城県仙台市若林区東七番丁,209,130,10,123,56,38.251252,140.8832893
4103052000,宮城県仙台市若林区東八番丁,478,365,21,343,70,38.2507351,140.8841538
4103053000,宮城県仙台市若林区東九番丁,236,180,15,144,36,38.2507803,140.8857163
4103054000,宮城県仙台市若林区藤塚,0,0,0,0,0,38.1859161,140.9556503
4103055000,宮城県仙台市若林区二木,168,58,6,89,73,38.2033241,140.9505533
4103056000,宮城県仙台市若林区舟丁,301,211,19,218,38,38.2421279,140.887356
4103057001,宮城県仙台市若林区古城一丁目,1749,775,153,1272,299,38.2381685,140.8961601
4103057002,宮城県仙台市若林区古城二丁目,945,140,52,720,172,38.2366631,140.9003141
4103057003,宮城県仙台市若林区古城三丁目,1345,634,165,861,281,38.2349451,140.9075508
4103058000,宮城県仙台市若林区文化町,1948,961,279,1307,304,38.2418367,140.8960309
4103059000,宮城県仙台市若林区保春院前丁,840,436,87,527,199,38.2458126,140.9003004
4103060000,宮城県仙台市若林区南石切町,335,168,36,197,95,38.2419584,140.889823
4103061000,宮城県仙台市若林区南鍛冶町,890,577,51,586,204,38.2484317,140.8888249
4103062000,宮城県仙台市若林区南小泉,597,355,54,406,112,38.2407231,140.9033501
4103063001,宮城県仙台市若林区南小泉一丁目,647,312,61,402,179,38.2427059,140.9011273
4103063002,宮城県仙台市若林区南小泉二丁目,896,422,102,550,227,38.2411575,140.9058982
4103063003,宮城県仙台市若林区南小泉三丁目,1596,783,205,990,349,38.2397692,140.8994873
4103063004,宮城県仙台市若林区南小泉四丁目,1118,478,167,671,275,38.2387404,140.9055726
4103064000,宮城県仙台市若林区南材木町,656,355,64,447,128,38.2410943,140.8890845
4103065000,宮城県仙台市若林区南染師町,961,482,114,597,225,38.2442063,140.8926148
4103066000,宮城県仙台市若林区元茶畑,327,220,29,229,56,38.2497309,140.8921121
4103067001,宮城県仙台市若林区大和町一丁目,1489,758,146,1006,295,38.2472011,140.9067122
4103067002,宮城県仙台市若林区大和町二丁目,1466,717,184,980,267,38.2473803,140.9129613
4103067003,宮城県仙台市若林区大和町三丁目,869,456,118,529,164,38.2485538,140.9207324
4103067004,宮城県仙台市若林区大和町四丁目,2185,1134,208,1530,375,38.2515274,140.9207858
4103067005,宮城県仙台市若林区大和町五丁目,4728,2668,400,3134,988,38.2496359,140.924471
4103068000,宮城県仙台市若林区弓ノ町,370,222,26,232,83,38.2467031,140.8873478
4103069000,宮城県仙台市若林区連坊小路,1515,952,144,1079,183,38.2511942,140.8885734
4103070001,宮城県仙台市若林区連坊一丁目,1223,728,106,875,155,38.2527055,140.8887763
4103070002,宮城県仙台市若林区連坊二丁目,1014,673,57,689,186,38.2521489,140.892437
4103071000,宮城県仙台市若林区六十人町,558,374,35,378,109,38.2442965,140.8957392
4103072000,宮城県仙台市若林区六丁の目,32,19,5,23,2,38.2508845,140.9355748
4103073000,宮城県仙台市若林区六丁の目北町,760,392,85,512,135,38.2521584,140.9497138
4103074000,宮城県仙台市若林区六丁の目中町,2271,1147,270,1610,305,38.2528428,140.9398457
4103075000,宮城県仙台市若林区六丁の目西町,591,287,94,372,107,38.2537891,140.9349933
4103076000,宮城県仙台市若林区六丁の目東町,84,49,6,60,10,38.249655,140.9506191
4103077000,宮城県仙台市若林区六丁の目南町,1352,716,159,1012,134,38.2498205,140.9394364
4103078001,宮城県仙台市若林区若林一丁目,2038,1034,249,1277,442,38.2345856,140.895056
4103078002,宮城県仙台市若林区若林二丁目,1070,539,102,636,310,38.2317821,140.8959236
4103078003,宮城県仙台市若林区若林三丁目,2106,947,220,1226,637,38.2335573,140.9011408
4103078004,宮城県仙台市若林区若林四丁目,881,462,100,520,244,38.2287243,140.9004904
4103078005,宮城県仙台市若林区若林五丁目,1568,835,135,979,364,38.2302819,140.9044336
4103078006,宮城県仙台市若林区若林六丁目,636,305,61,394,167,38.2289039,140.9067369
4103078007,宮城県仙台市若林区若林七丁目,730,354,81,421,211,38.2259686,140.9050972
4103079000,宮城県仙台市若林区かすみ町,1718,769,213,1040,424,38.2411748,140.9233279
4103080000,宮城県仙台市若林区六丁の目元町,258,131,31,202,19,38.2492948,140.929405
4103081001,宮城県仙台市若林区今泉一丁目,1733,668,238,1034,444,38.2139157,140.9295988
4103081002,宮城県仙台市若林区今泉二丁目,1600,618,232,957,405,38.2109822,140.9279582
4103082001,宮城県仙台市若林区上飯田一丁目,1805,746,244,1050,487,38.2209759,140.915623
4103082002,宮城県仙台市若林区上飯田二丁目,2754,1056,420,1524,799,38.2178714,140.9164483
4103082003,宮城県仙台市若林区上飯田三丁目,2508,961,357,1489,648,38.2144269,140.9222037
4103082004,宮城県仙台市若林区上飯田四丁目,1338,523,186,702,429,38.2165014,140.9274603
4103083000,宮城県仙台市若林区六郷,857,323,136,510,208,38.2154713,140.9335414
4103084101,宮城県仙台市若林区荒井一丁目,1333,507,264,861,189,38.2427389,140.9359876
4103084102,宮城県仙台市若林区荒井二丁目,1141,510,141,764,208,38.2444664,140.9374663
4103084103,宮城県仙台市若林区荒井三丁目,1341,527,219,864,235,38.2392476,140.942361
4103084104,宮城県仙台市若林区荒井四丁目,1743,670,304,1151,259,38.2441246,140.9423995
4103084105,宮城県仙台市若林区荒井五丁目,788,416,75,570,87,38.2475797,140.9453577
4103084106,宮城県仙台市若林区荒井六丁目,510,247,63,362,60,38.2438252,140.9467159
4103084107,宮城県仙台市若林区荒井七丁目,2238,891,453,1382,358,38.239467,140.947992
4103084108,宮城県仙台市若林区荒井八丁目,378,148,55,258,64,38.2364887,140.9469657
4103085000,宮城県仙台市若林区蒲町東,1489,696,178,1113,156,38.244808,140.932533
4103086001,宮城県仙台市若林区荒井東一丁目,322,149,19,173,99,38.2421005,140.9495941
4103086002,宮城県仙台市若林区荒井東二丁目,1063,419,135,467,451,38.2349809,140.9511173
4103087001,宮城県仙台市若林区伊在一丁目,681,305,91,466,100,38.2477872,140.9335586
4103087002,宮城県仙台市若林区伊在二丁目,927,467,109,647,134,38.2468839,140.9377937
4103087003,宮城県仙台市若林区伊在三丁目,551,234,111,387,35,38.2472319,140.9415757
4103088001,宮城県仙台市若林区なないろの里一丁目,1219,481,366,758,61,38.2408764,140.9276444
4103088002,宮城県仙台市若林区なないろの里二丁目,1419,514,253,850,303,38.2404925,140.933194
4103088003,宮城県仙台市若林区なないろの里三丁目,523,181,182,321,19,38.2387651,140.9317155
4103089000,宮城県仙台市若林区荒井南,1527,505,505,866,152,38.2373922,140.9427319
4104001001,宮城県仙台市太白区青山一丁目,1034,507,113,555,331,38.2409161,140.856072
4104001002,宮城県仙台市太白区青山二丁目,1542,869,141,895,400,38.2381617,140.8606833
4104002000,宮城県仙台市太白区秋保町境野,274,96,25,132,117,38.2570009,140.6988072
4104003000,宮城県仙台市太白区秋保町長袋,1003,338,94,456,452,38.2541269,140.6685432
4104004000,宮城県仙台市太白区秋保町馬場,543,193,39,273,231,38.3054693,140.5554741
4104005000,宮城県仙台市太白区秋保町湯元,1636,866,114,934,548,38.232163,140.7055384
4104006000,宮城県仙台市太白区芦の口,685,278,97,369,218,38.2317681,140.8560949
4104008001,宮城県仙台市太白区泉崎一丁目,2697,1335,289,1769,540,38.2210913,140.8696007
4104008002,宮城県仙台市太白区泉崎二丁目,1643,854,197,1156,240,38.2219484,140.8659825
4104009000,宮城県仙台市太白区大塒町,1024,452,125,573,311,38.2340163,140.8588846
4104010000,宮城県仙台市太白区大野田,51,21,9,36,6,38.2120461,140.8770982
4104011000,宮城県仙台市太白区大谷地,979,394,166,580,225,38.2257119,140.8465751
4104012000,宮城県仙台市太白区鈎取,617,183,82,367,166,38.2254441,140.8415616
4104013001,宮城県仙台市太白区鈎取本町一丁目,886,415,98,519,251,38.2213839,140.838532
4104013002,宮城県仙台市太白区鈎取本町二丁目,945,292,119,628,189,38.2258639,140.8353952
4104014001,宮城県仙台市太白区鈎取一丁目,596,289,41,370,176,38.2220878,140.8460918
4104014002,宮城県仙台市太白区鈎取二丁目,1382,561,133,663,569,38.2275584,140.8418433
4104014003,宮城県仙台市太白区鈎取三丁目,856,387,93,468,274,38.2312171,140.8373523
4104014004,宮城県仙台市太白区鈎取四丁目,1278,563,165,775,307,38.2255281,140.8403283
4104015000,宮城県仙台市太白区鹿野本町,1166,552,148,715,280,38.232484,140.8723706
4104016001,宮城県仙台市太白区鹿野一丁目,740,352,98,478,145,38.2316263,140.8759895
4104016002,宮城県仙台市太白区鹿野二丁目,1322,642,136,804,349,38.2288592,140.8718852
4104016003,宮城県仙台市太白区鹿野三丁目,2924,1489,408,1981,450,38.2252348,140.8713999
4104017001,宮城県仙台市太白区上野山一丁目,1221,524,160,703,334,38.2255116,140.8316149
4104017002,宮城県仙台市太白区上野山二丁目,784,325,88,398,287,38.2254104,140.8241347
4104017003,宮城県仙台市太白区上野山三丁目,183,87,16,127,39,38.23167,140.8262109
4104018000,宮城県仙台市太白区恵和町,1432,666,143,714,541,38.2355617,140.8541122
4104019000,宮城県仙台市太白区越路,1093,654,67,660,304,38.2447511,140.8802385
4104020000,宮城県仙台市太白区郡山,2334,914,348,1396,556,38.2143146,140.8973075
4104021001,宮城県仙台市太白区郡山一丁目,1350,615,145,750,442,38.2266843,140.8902605
4104021002,宮城県仙台市太白区郡山二丁目,1134,510,158,674,266,38.2230603,140.8897737
4104021003,宮城県仙台市太白区郡山三丁目,1403,630,181,885,315,38.2237121,140.8935943
4104021004,宮城県仙台市太白区郡山四丁目,990,432,140,625,197,38.2240617,140.8973743
4104021005,宮城県仙台市太白区郡山五丁目,1306,542,210,823,235,38.2188806,140.8929449
4104021006,宮城県仙台市太白区郡山六丁目,1781,858,206,1134,415,38.2192194,140.8880136
4104021007,宮城県仙台市太白区郡山七丁目,1141,533,144,725,247,38.2149077,140.8886787
4104021008,宮城県仙台市太白区郡山八丁目,2004,874,228,1279,452,38.2124078,140.889587
4104022001,宮城県仙台市太白区金剛沢一丁目,1488,600,206,848,417,38.2300247,140.8459056
4104022002,宮城県仙台市太白区金剛沢二丁目,968,373,127,529,308,38.2308811,140.842286
4104022003,宮城県仙台市太白区金剛沢三丁目,830,360,66,453,306,38.2332978,140.842608
4104023000,宮城県仙台市太白区桜木町,1622,959,124,994,414,38.2441907,140.8527744
4104024000,宮城県仙台市太白区佐保山,473,177,46,305,120,38.2359745,140.8211814
4104025000,宮城県仙台市太白区四郎丸,8953,3522,1153,4962,2743,38.1908879,140.9190251
4104026000,宮城県仙台市太白区砂押町,1070,509,148,687,214,38.227469,140.8654767
4104027000,宮城県仙台市太白区砂押南町,408,194,43,285,69,38.2263941,140.8678218
4104028000,宮城県仙台市太白区諏訪町,1135,473,172,713,222,38.2133501,140.8847374
4104029000,宮城県仙台市太白区太子堂,1715,728,259,1174,256,38.2141654,140.8817366
4104030001,宮城県仙台市太白区太白一丁目,688,276,87,295,303,38.2318704,140.8187696
4104030002,宮城県仙台市太白区太白二丁目,1190,680,64,486,628,38.2344547,140.8166231
4104030003,宮城県仙台市太白区太白三丁目,819,331,107,397,314,38.2303089,140.8148285
4104031000,宮城県仙台市太白区坪沼,528,189,28,267,233,38.1937239,140.7701834
4104032000,宮城県仙台市太白区富沢,2944,985,755,1679,458,38.2168503,140.8603238
4104033001,宮城県仙台市太白区富沢一丁目,761,447,57,571,98,38.2179986,140.8650682
4104033002,宮城県仙台市太白区富沢二丁目,1380,628,188,913,254,38.2197012,140.8631934
4104033003,宮城県仙台市太白区富沢三丁目,1907,927,236,1332,286,38.2174541,140.8604045
4104033004,宮城県仙台市太白区富沢四丁目,808,395,125,553,101,38.2157405,140.8676404
4104034000,宮城県仙台市太白区富田,2026,657,391,1053,562,38.2102778,140.8494934
4104035001,宮城県仙台市太白区土手内一丁目,1024,357,100,689,219,38.2278063,140.8605438
4104035002,宮城県仙台市太白区土手内二丁目,311,97,71,177,61,38.2295343,140.8620193
4104035003,宮城県仙台市太白区土手内三丁目,656,265,88,356,211,38.2300892,140.8583598
4104036000,宮城県仙台市太白区中田町,4981,1855,710,2832,1404,38.1924157,140.8968497
4104037001,宮城県仙台市太白区中田一丁目,1051,492,104,667,260,38.2035217,140.8859059
4104037002,宮城県仙台市太白区中田二丁目,1357,539,213,848,288,38.2026643,140.889522
4104037003,宮城県仙台市太白区中田三丁目,798,451,80,544,137,38.1986932,140.8852577
4104037004,宮城県仙台市太白区中田四丁目,577,246,59,347,165,38.1990429,140.8890356
4104037005,宮城県仙台市太白区中田五丁目,928,366,102,629,178,38.1961101,140.8873981
4104037006,宮城県仙台市太白区中田六丁目,967,347,150,660,154,38.1930929,140.886993
4104037007,宮城県仙台市太白区中田七丁目,1604,668,217,947,398,38.1905948,140.887901
4104038000,宮城県仙台市太白区長町,276,138,12,130,129,38.2589652,140.6691687
4104039001,宮城県仙台市太白区長町南一丁目,1313,740,108,876,286,38.2240393,140.8799504
4104039002,宮城県仙台市太白区長町南二丁目,1773,865,256,1271,196,38.2190386,140.8817682
4104039003,宮城県仙台市太白区長町南三丁目,2352,1193,272,1580,442,38.2217924,140.8771605
4104039004,宮城県仙台市太白区長町南四丁目,2587,1262,327,1841,364,38.2190262,140.873057
4104040001,宮城県仙台市太白区長町一丁目,2340,1310,229,1511,509,38.2344899,140.8875752
4104040002,宮城県仙台市太白区長町二丁目,2360,1249,310,1561,416,38.2589652,140.6691687
4104040003,宮城県仙台市太白区長町三丁目,1478,789,124,887,427,38.2589652,140.6691687
4104040004,宮城県仙台市太白区長町四丁目,1325,683,163,891,227,38.2589652,140.6691687
4104040005,宮城県仙台市太白区長町五丁目,2860,1621,271,1828,639,38.2589652,140.6691687
4104040006,宮城県仙台市太白区長町六丁目,2406,1300,294,1618,418,38.2589652,140.6691687
4104040007,宮城県仙台市太白区長町七丁目,2104,1089,274,1459,318,38.2589652,140.6691687
4104040008,宮城県仙台市太白区長町八丁目,2544,1177,328,1784,376,38.2124078,140.889587
4104041000,宮城県仙台市太白区長嶺,568,295,56,311,161,38.2376555,140.8680842
4104042001,宮城県仙台市太白区西多賀一丁目,1252,553,160,764,304,38.2234936,140.8612118
4104042002,宮城県仙台市太白区西多賀二丁目,1092,474,155,673,248,38.2200383,140.8582614
4104042003,宮城県仙台市太白区西多賀三丁目,1127,511,135,666,304,38.2221029,140.8548042
4104042004,宮城県仙台市太白区西多賀四丁目,1374,602,121,798,432,38.2224395,140.8498718
4104042005,宮城県仙台市太白区西多賀五丁目,737,309,90,433,201,38.2207722,140.8508244
4104043001,宮城県仙台市太白区西中田一丁目,1098,492,128,777,169,38.2001117,140.882339
4104043002,宮城県仙台市太白区西中田二丁目,990,388,89,549,339,38.2021337,140.8795009
4104043003,宮城県仙台市太白区西中田三丁目,1700,768,201,1163,315,38.1992003,140.8778639
4104043004,宮城県仙台市太白区西中田四丁目,1075,468,120,645,208,38.1958871,140.8817722
4104043005,宮城県仙台市太白区西中田五丁目,2322,1058,266,1620,390,38.1955793,140.8773785
4104043006,宮城県仙台市太白区西中田六丁目,3123,1422,356,1939,779,38.1923088,140.8806704
4104043007,宮城県仙台市太白区西中田七丁目,2507,1025,374,1643,452,38.1914398,140.8755801
4104044001,宮城県仙台市太白区西の平一丁目,1612,684,204,886,500,38.2295199,140.8533056
4104044002,宮城県仙台市太白区西の平二丁目,1398,602,180,806,400,38.2321049,140.8511614
4104045000,宮城県仙台市太白区日本平,1968,798,221,992,735,38.2208108,140.8110804
4104046000,宮城県仙台市太白区根岸町,517,262,54,325,126,38.2390582,140.8832095
4104047000,宮城県仙台市太白区萩ケ丘,934,551,69,565,249,38.2408102,140.8709961
4104048000,宮城県仙台市太白区羽黒台,1503,672,156,792,526,38.220913,140.81856
4104049001,宮城県仙台市太白区旗立一丁目,0,0,0,0,0,38.2244535,140.8202743
4104049002,宮城県仙台市太白区旗立二丁目,119,7,11,59,49,38.2247882,140.8153409
4104049003,宮城県仙台市太白区旗立三丁目,321,124,37,149,135,38.2270184,140.8094141
4104050001,宮城県仙台市太白区八本松一丁目,1922,1011,158,1064,645,38.2297525,140.8944062
4104050002,宮城県仙台市太白区八本松二丁目,1646,648,249,1099,242,38.228025,140.8929296
4104051000,宮城県仙台市太白区東大野田,1262,557,157,834,258,38.2089547,140.8866353
4104052001,宮城県仙台市太白区人来田一丁目,834,347,69,344,416,38.2247691,140.8066272
4104052002,宮城県仙台市太白区人来田二丁目,1035,421,92,463,473,38.2223529,140.8063072
4104052003,宮城県仙台市太白区人来田三丁目,525,209,57,297,166,38.2188959,140.8033608
4104053000,宮城県仙台市太白区ひより台,1838,720,184,843,810,38.2291188,140.8233828
4104054000,宮城県仙台市太白区袋原,2943,1162,472,1700,738,38.2000158,140.9103084
4104055000,宮城県仙台市太白区二ツ沢,155,86,13,82,56,38.235505,140.8727752
4104056000,宮城県仙台市太白区松が丘,1730,830,226,1017,441,38.2406486,140.8510568
4104057001,宮城県仙台市太白区三神峯一丁目,249,110,72,164,1,38.2262468,140.856602
4104057002,宮城県仙台市太白区三神峯二丁目,960,402,128,541,281,38.2279601,140.8493639
4104058000,宮城県仙台市太白区御堂平,153,54,22,97,32,38.2296564,140.8334108
4104059001,宮城県仙台市太白区緑ケ丘一丁目,831,356,109,453,259,38.2310092,140.8671948
4104059002,宮城県仙台市太白区緑ケ丘二丁目,782,395,61,419,277,38.2319508,140.8623424
4104059003,宮城県仙台市太白区緑ケ丘三丁目,900,453,61,484,332,38.2335103,140.8662849
4104059004,宮城県仙台市太白区緑ケ丘四丁目,893,470,86,444,340,38.235576,140.8628271
4104060000,宮城県仙台市太白区南大野田,2986,1279,548,2121,260,38.2099688,140.8718439
4104061001,宮城県仙台市太白区向山一丁目,965,571,76,627,221,38.2488719,140.8646051
4104061002,宮城県仙台市太白区向山二丁目,1147,711,76,667,317,38.2461163,140.8692166
4104061003,宮城県仙台市太白区向山三丁目,917,481,96,561,228,38.24249,140.8687312
4104061004,宮城県仙台市太白区向山四丁目,1234,799,84,827,246,38.2437961,140.8763757
4104062001,宮城県仙台市太白区茂ケ崎一丁目,22,9,2,8,12,38.2400855,140.8771232
4104062002,宮城県仙台市太白区茂ケ崎二丁目,1,1,0,0,0,38.239215,140.8720273
4104062003,宮城県仙台市太白区茂ケ崎三丁目,454,225,38,202,207,38.2371487,140.8754849
4104062004,宮城県仙台市太白区茂ケ崎四丁目,0,0,0,0,0,38.2381881,140.8781137
4104063000,宮城県仙台市太白区茂庭,2699,869,154,1172,1335,38.2233697,140.7641306
4104064001,宮城県仙台市太白区茂庭台一丁目,599,285,46,242,311,38.2300609,140.7824354
4104064002,宮城県仙台市太白区茂庭台二丁目,761,158,32,235,494,38.2323113,140.7852216
4104064003,宮城県仙台市太白区茂庭台三丁目,887,362,58,373,453,38.236458,140.7870135
4104064004,宮城県仙台市太白区茂庭台四丁目,3075,1358,349,1775,924,38.2378331,140.7847053
4104064005,宮城県仙台市太白区茂庭台五丁目,643,253,32,296,315,38.2357486,140.7794511
4104065000,宮城県仙台市太白区門前町,927,435,108,623,192,38.2350823,140.878942
4104066000,宮城県仙台市太白区八木山香澄町,1435,790,111,869,415,38.2467914,140.8593467
4104067001,宮城県仙台市太白区八木山東一丁目,772,311,119,416,234,38.23469,140.849017
4104067002,宮城県仙台市太白区八木山東二丁目,957,504,92,555,271,38.2355045,140.8460138
4104068001,宮城県仙台市太白区八木山本町一丁目,1648,974,161,1011,380,38.2434027,140.8464445
4104068002,宮城県仙台市太白区八木山本町二丁目,2014,1121,189,1210,535,38.2389042,140.8408654
4104069000,宮城県仙台市太白区八木山松波町,485,286,33,282,137,38.2441558,140.8577496
4104070000,宮城県仙台市太白区八木山緑町,682,422,47,463,157,38.2440364,140.8639584
4104071001,宮城県仙台市太白区八木山南一丁目,827,324,104,426,286,38.2374273,140.8356895
4104071002,宮城県仙台市太白区八木山南二丁目,119,47,17,73,24,38.2354046,140.8385321
4104071003,宮城県仙台市太白区八木山南三丁目,835,395,102,473,240,38.2356984,140.8342147
4104071004,宮城県仙台市太白区八木山南四丁目,304,126,44,193,65,38.2334157,140.8364003
4104071005,宮城県仙台市太白区八木山南五丁目,161,66,20,95,41,38.2342717,140.8327801
4104071006,宮城県仙台市太白区八木山南六丁目,333,159,42,204,83,38.2322913,140.835006
4104072000,宮城県仙台市太白区八木山弥生町,1373,828,88,852,337,38.2410989,140.8623207
4104073000,宮城県仙台市太白区柳生,1003,348,121,573,297,38.1991033,140.8703889
4104074001,宮城県仙台市太白区柳生一丁目,290,114,60,173,55,38.1974257,140.8726516
4104074002,宮城県仙台市太白区柳生二丁目,1763,762,242,1260,212,38.195917,140.8724495
4104074003,宮城県仙台市太白区柳生三丁目,511,194,84,338,76,38.1892373,140.8721765
4104074004,宮城県仙台市太白区柳生四丁目,1296,520,216,869,182,38.1950474,140.8673588
4104074005,宮城県仙台市太白区柳生五丁目,594,243,77,375,136,38.1956863,140.86247
4104074006,宮城県仙台市太白区柳生六丁目,810,364,113,565,102,38.1971529,140.8632879
4104074007,宮城県仙台市太白区柳生七丁目,965,399,160,657,132,38.1974614,140.8676819
4104075100,宮城県仙台市太白区山田新町,36,20,1,22,12,38.2170222,140.8354628
4104075200,宮城県仙台市太白区山田,223,84,26,127,66,38.2147408,140.8376475
4104076000,宮城県仙台市太白区山田上ノ台町,975,484,92,605,251,38.2187836,140.8319645
4104077000,宮城県仙台市太白区山田北前町,1372,515,166,694,500,38.222659,140.8287468
4104078000,宮城県仙台市太白区山田自由ケ丘,695,275,48,337,310,38.2278923,140.8145081
4104079000,宮城県仙台市太白区山田本町,1129,446,199,663,250,38.2180786,140.8244052
4104080000,宮城県仙台市太白区若葉町,728,358,67,414,234,38.2381472,140.8519678
4104081001,宮城県仙台市太白区東郡山一丁目,558,243,71,330,148,38.2230335,140.9034576
4104081002,宮城県仙台市太白区東郡山二丁目,1862,730,260,1045,527,38.2213914,140.900748
4104082001,宮城県仙台市太白区富沢南一丁目,1731,821,271,1214,172,38.2140134,140.8661651
4104082002,宮城県仙台市太白区富沢南二丁目,1749,730,327,1272,128,38.2109101,140.866994
4104083001,宮城県仙台市太白区東中田一丁目,1155,438,187,695,254,38.2044857,140.8984733
4104083002,宮城県仙台市太白区東中田二丁目,2327,965,285,1399,610,38.2021561,140.8969161
4104083003,宮城県仙台市太白区東中田三丁目,1095,428,210,639,232,38.2016473,140.9043099
4104083004,宮城県仙台市太白区東中田四丁目,1098,412,153,705,230,38.1985448,140.9051357
4104083005,宮城県仙台市太白区東中田五丁目,690,277,121,395,162,38.1995724,140.8990559
4104083006,宮城県仙台市太白区東中田六丁目,912,381,122,526,248,38.1987043,140.8939646
4104084001,宮城県仙台市太白区袋原一丁目,1156,457,140,680,323,38.2026847,140.9069371
4104084002,宮城県仙台市太白区袋原二丁目,757,289,65,373,317,38.2048443,140.9109594
4104084003,宮城県仙台市太白区袋原三丁目,894,367,81,504,298,38.2018264,140.9105525
4104084004,宮城県仙台市太白区袋原四丁目,1323,512,122,680,510,38.1987238,140.9113779
4104084005,宮城県仙台市太白区袋原五丁目,780,274,121,474,172,38.196531,140.9166782
4104084006,宮城県仙台市太白区袋原六丁目,1010,391,120,522,361,38.1968285,140.9123659
4104085000,宮城県仙台市太白区秋保町湯向,582,269,81,345,139,38.2291994,140.7225785
4104086001,宮城県仙台市太白区あすと長町一丁目,1254,466,160,672,361,38.2307803,140.8883217
4104086002,宮城県仙台市太白区あすと長町二丁目,0,0,0,0,0,38.2239183,140.8861559
4104086003,宮城県仙台市太白区あすと長町三丁目,972,490,166,691,63,38.219431,140.8849314
4104086004,宮城県仙台市太白区あすと長町四丁目,3229,1295,775,2149,269,38.2246973,140.888127
4104087001,宮城県仙台市太白区大野田一丁目,758,378,89,527,116,38.2176979,140.8791
4104087002,宮城県仙台市太白区大野田二丁目,1102,498,167,732,184,38.2140748,140.8786142
4104087003,宮城県仙台市太白区大野田三丁目,1149,493,183,792,155,38.210585,140.8806343
4104087004,宮城県仙台市太白区大野田四丁目,1633,591,376,1023,222,38.2128188,140.8747137
4104087005,宮城県仙台市太白区大野田五丁目,1671,694,344,1091,199,38.2158379,140.8751182
4105002001,宮城県仙台市泉区明通一丁目,0,0,0,0,0,38.349077,140.8555572
4105002002,宮城県仙台市泉区明通二丁目,0,0,0,0,0,38.3539976,140.8462293
4105002003,宮城県仙台市泉区明通三丁目,0,0,0,0,0,38.3565234,140.8540551
4105002004,宮城県仙台市泉区明通四丁目,38,21,6,26,4,38.3535055,140.8623889
4105003001,宮城県仙台市泉区旭丘堤一丁目,1163,597,99,733,290,38.2993252,140.8900539
4105003002,宮城県仙台市泉区旭丘堤二丁目,1009,635,82,682,208,38.3033455,140.8893473
4105004001,宮城県仙台市泉区泉ケ丘一丁目,561,240,60,305,179,38.3523063,140.8709649
4105004002,宮城県仙台市泉区泉ケ丘二丁目,835,412,79,456,248,38.3543798,140.8674981
4105004003,宮城県仙台市泉区泉ケ丘三丁目,860,453,94,442,244,38.3578493,140.8704587
4105004004,宮城県仙台市泉区泉ケ丘四丁目,1478,740,135,789,422,38.35871,140.8668292
4105004005,宮城県仙台市泉区泉ケ丘五丁目,1355,648,132,690,448,38.3595706,140.8631996
4105005000,宮城県仙台市泉区市名坂,6819,3500,918,4354,753,38.3153831,140.9009396
4105006000,宮城県仙台市泉区永和台,996,535,79,582,234,38.3310501,140.9042952
4105007000,宮城県仙台市泉区小角,278,100,17,148,113,38.3323714,140.8134072
4105008100,宮城県仙台市泉区泉中央南,482,221,35,169,274,38.3204913,140.8710727
4105008200,宮城県仙台市泉区上谷刈,1946,737,217,954,681,38.3094478,140.8627371
4105009001,宮城県仙台市泉区加茂一丁目,1220,532,123,539,518,38.312476,140.8631419
4105009002,宮城県仙台市泉区加茂二丁目,1324,538,145,703,473,38.3146312,140.8584421
4105009003,宮城県仙台市泉区加茂三丁目,1006,391,93,442,469,38.3164335,140.8499537
4105009004,宮城県仙台市泉区加茂四丁目,960,388,81,388,489,38.3126304,140.8519403
4105009005,宮城県仙台市泉区加茂五丁目,807,339,62,341,393,38.3160807,140.8461656
4105010000,宮城県仙台市泉区北高森,1179,419,258,666,237,38.3454885,140.8588218
4105011001,宮城県仙台市泉区北中山一丁目,1095,416,115,631,348,38.318285,140.8227645
4105011002,宮城県仙台市泉区北中山二丁目,1414,562,133,754,509,38.3162814,140.8162631
4105011003,宮城県仙台市泉区北中山三丁目,988,374,97,655,224,38.3160109,140.811239
4105011004,宮城県仙台市泉区北中山四丁目,1277,525,172,765,294,38.3131497,140.8083659
4105012001,宮城県仙台市泉区黒松一丁目,1564,778,199,1022,294,38.3043752,140.8832523
4105012002,宮城県仙台市泉区黒松二丁目,1580,884,140,921,484,38.3086988,140.8825856
4105012003,宮城県仙台市泉区黒松三丁目,1256,623,120,738,375,38.3078388,140.8862105
4105013001,宮城県仙台市泉区向陽台一丁目,741,309,112,395,209,38.3350162,140.8911065
4105013002,宮城県仙台市泉区向陽台二丁目,1120,452,121,605,382,38.339174,140.8929127
4105013003,宮城県仙台市泉区向陽台三丁目,1352,521,209,726,396,38.3400461,140.8980205
4105013004,宮城県仙台市泉区向陽台四丁目,1214,517,165,651,367,38.337579,140.8983125
4105013005,宮城県仙台市泉区向陽台五丁目,1018,410,131,531,315,38.3362391,140.9000036
4105014000,宮城県仙台市泉区実沢,1135,308,55,457,602,38.3226753,140.8121221
4105015001,宮城県仙台市泉区将監一丁目,1231,603,121,627,384,38.3298167,140.8866661
4105015002,宮城県仙台市泉区将監二丁目,938,410,99,471,344,38.3301562,140.8817221
4105015003,宮城県仙台市泉区将監三丁目,726,298,85,396,225,38.3331015,140.8833646
4105015004,宮城県仙台市泉区将監四丁目,1387,594,128,777,454,38.3355258,140.8836898
4105015005,宮城県仙台市泉区将監五丁目,1443,749,128,714,569,38.3389806,140.877915
4105015006,宮城県仙台市泉区将監六丁目,830,440,74,418,331,38.3374653,140.877712
4105015007,宮城県仙台市泉区将監七丁目,964,391,133,482,333,38.3353438,140.8774277
4105015008,宮城県仙台市泉区将監八丁目,652,254,155,353,136,38.3330043,140.8758667
4105015009,宮城県仙台市泉区将監九丁目,1635,852,144,946,453,38.3320464,140.871996
4105015010,宮城県仙台市泉区将監十丁目,1187,520,140,631,387,38.3357676,140.8712467
4105015011,宮城県仙台市泉区将監十一丁目,862,347,114,456,278,38.3387983,140.8716524
4105015012,宮城県仙台市泉区将監十二丁目,557,228,72,272,208,38.3398412,140.8742873
4105015013,宮城県仙台市泉区将監十三丁目,598,223,81,304,213,38.3384462,140.8678623
4105016001,宮城県仙台市泉区松陵一丁目,631,238,59,327,244,38.3225342,140.9125025
4105016002,宮城県仙台市泉区松陵二丁目,1381,540,147,720,476,38.3305217,140.9099201
4105016003,宮城県仙台市泉区松陵三丁目,1358,502,119,780,458,38.3331334,140.9095655
4105016004,宮城県仙台市泉区松陵四丁目,1418,550,119,701,590,38.333313,140.9158269
4105016005,宮城県仙台市泉区松陵五丁目,689,288,39,311,336,38.3284651,140.9151731
4105017001,宮城県仙台市泉区住吉台西一丁目,785,315,85,458,237,38.3265001,140.7826919
4105017002,宮城県仙台市泉区住吉台西二丁目,819,269,65,584,168,38.3292578,140.7780656
4105017003,宮城県仙台市泉区住吉台西三丁目,960,291,215,663,80,38.3308033,140.7732791
4105017004,宮城県仙台市泉区住吉台西四丁目,913,311,127,650,132,38.3315154,140.7808581
4105018001,宮城県仙台市泉区住吉台東一丁目,615,246,46,349,220,38.3261663,140.7876374
4105018002,宮城県仙台市泉区住吉台東二丁目,647,260,46,368,231,38.3287574,140.7854845
4105018003,宮城県仙台市泉区住吉台東三丁目,809,322,60,491,254,38.3323939,140.7859642
4105018004,宮城県仙台市泉区住吉台東四丁目,1063,395,81,693,286,38.3320598,140.7909103
4105018005,宮城県仙台市泉区住吉台東五丁目,707,272,72,433,200,38.3289459,140.7917466
4105019000,宮城県仙台市泉区高玉町,1106,514,158,807,104,38.316499,140.8936078
4105020001,宮城県仙台市泉区高森一丁目,1009,492,109,624,250,38.3371892,140.8414941
4105020002,宮城県仙台市泉区高森二丁目,955,428,136,510,254,38.3408264,140.8419786
4105020003,宮城県仙台市泉区高森三丁目,1042,481,92,516,390,38.3417016,140.8470862
4105020004,宮城県仙台市泉区高森四丁目,1391,530,186,647,552,38.3349492,140.8474336
4105020005,宮城県仙台市泉区高森五丁目,754,308,62,336,356,38.3365144,140.8513851
4105020006,宮城県仙台市泉区高森六丁目,1124,463,103,555,464,38.341364,140.8520321
4105020007,宮城県仙台市泉区高森七丁目,1560,599,171,888,497,38.3417168,140.8558225
4105020008,宮城県仙台市泉区高森八丁目,571,206,59,303,207,38.3363033,140.854476
4105021001,宮城県仙台市泉区長命ケ丘一丁目,1210,499,147,568,465,38.3177978,140.838912
4105021002,宮城県仙台市泉区長命ケ丘二丁目,870,365,68,417,376,38.3133469,140.8414368
4105021003,宮城県仙台市泉区長命ケ丘三丁目,1662,749,179,816,651,38.3093177,140.8377831
4105021004,宮城県仙台市泉区長命ケ丘四丁目,1626,684,174,782,643,38.3124302,140.8369505
4105021005,宮城県仙台市泉区長命ケ丘五丁目,898,397,126,452,307,38.3138099,140.8346402
4105021006,宮城県仙台市泉区長命ケ丘六丁目,857,349,75,364,418,38.3153578,140.829858
4105022000,宮城県仙台市泉区長命ケ丘東,338,135,34,132,172,38.3119249,140.8443647
4105023001,宮城県仙台市泉区鶴が丘一丁目,2833,1147,310,1246,1246,38.3185237,140.9263026
4105023002,宮城県仙台市泉区鶴が丘二丁目,1383,513,164,649,564,38.3192067,140.9164186
4105023003,宮城県仙台市泉区鶴が丘三丁目,2210,878,199,977,1011,38.3226708,140.9193802
4105023004,宮城県仙台市泉区鶴が丘四丁目,1440,566,139,630,665,38.3262206,140.9211065
4105024001,宮城県仙台市泉区寺岡一丁目,1514,555,114,629,762,38.3375262,140.8365484
4105024002,宮城県仙台市泉区寺岡二丁目,778,291,112,391,269,38.3384691,140.8316832
4105024003,宮城県仙台市泉区寺岡三丁目,829,329,55,385,384,38.3395799,140.8243445
4105024004,宮城県仙台市泉区寺岡四丁目,1133,439,93,524,513,38.3426952,140.8235104
4105024005,宮城県仙台市泉区寺岡五丁目,777,312,81,349,343,38.3428811,140.8297742
4105024006,宮城県仙台市泉区寺岡六丁目,500,195,66,231,203,38.3425444,140.8347206
4105025000,宮城県仙台市泉区七北田,5779,2795,749,3642,879,38.328495,140.8702732
4105026001,宮城県仙台市泉区南光台一丁目,2280,1305,209,1249,524,38.2907287,140.8951307
4105026002,宮城県仙台市泉区南光台二丁目,2636,1377,278,1507,648,38.29384,140.8943026
4105026003,宮城県仙台市泉区南光台三丁目,1614,831,143,966,432,38.2957409,140.8933117
4105026004,宮城県仙台市泉区南光台四丁目,1940,883,255,1100,508,38.2987677,140.8937185
4105026005,宮城県仙台市泉区南光台五丁目,1874,794,224,1073,512,38.3042168,140.8944508
4105026006,宮城県仙台市泉区南光台六丁目,2113,896,269,1127,686,38.3045673,140.8982379
4105026007,宮城県仙台市泉区南光台七丁目,2368,1016,265,1359,689,38.3018903,140.9016175
4105027001,宮城県仙台市泉区南光台東一丁目,1526,659,134,836,531,38.2990432,140.9074668
4105027002,宮城県仙台市泉区南光台東二丁目,1375,533,181,792,397,38.2992227,140.9137233
4105027003,宮城県仙台市泉区南光台東三丁目,564,198,126,342,90,38.3021645,140.9153666
4105028001,宮城県仙台市泉区南光台南一丁目,1377,564,195,757,393,38.2971321,140.8997308
4105028002,宮城県仙台市泉区南光台南二丁目,1251,611,139,659,402,38.2945407,140.9018749
4105028003,宮城県仙台市泉区南光台南三丁目,1976,822,211,1209,532,38.2936802,140.9054981
4105029000,宮城県仙台市泉区西田中,617,150,51,253,310,38.337372,140.7392073
4105030001,宮城県仙台市泉区虹の丘一丁目,1037,396,113,430,490,38.3062641,140.873532
4105030002,宮城県仙台市泉区虹の丘二丁目,629,267,48,267,310,38.3053915,140.8684284
4105030003,宮城県仙台市泉区虹の丘三丁目,575,241,53,246,268,38.3017584,140.8679423
4105030004,宮城県仙台市泉区虹の丘四丁目,1014,437,87,526,389,38.3038286,140.8644793
4105031000,宮城県仙台市泉区根白石,1622,501,207,825,583,38.3430761,140.7998521
4105032000,宮城県仙台市泉区野村,839,358,73,458,261,38.3296787,140.8529681
4105033000,宮城県仙台市泉区東黒松,889,483,80,544,198,38.3062881,140.8909891
4105034000,宮城県仙台市泉区福岡,943,328,68,500,358,38.3810516,140.7449254
4105035000,宮城県仙台市泉区古内,225,46,13,83,129,38.3215331,140.8468924
4105036000,宮城県仙台市泉区朴沢,518,168,43,258,214,38.3929575,140.7864629
4105037000,宮城県仙台市泉区歩坂町,2849,1682,212,1641,638,38.3234383,140.9082593
4105038000,宮城県仙台市泉区松森,6039,2504,780,3507,1355,38.3103859,140.9202159
4105039001,宮城県仙台市泉区館一丁目,1392,548,148,770,473,38.3097462,140.7954462
4105039002,宮城県仙台市泉区館二丁目,1221,467,121,730,369,38.3140699,140.7947706
4105039003,宮城県仙台市泉区館三丁目,1640,598,139,1228,262,38.3194386,140.7967272
4105039004,宮城県仙台市泉区館四丁目,1227,398,219,858,135,38.3234291,140.8009965
4105039005,宮城県仙台市泉区館五丁目,568,239,38,350,173,38.3196263,140.8029879
4105039006,宮城県仙台市泉区館六丁目,615,234,53,504,173,38.3173702,140.8001952
4105039007,宮城県仙台市泉区館七丁目,119,6,0,0,0,38.3118346,140.8007101
4105040001,宮城県仙台市泉区山の寺一丁目,1339,652,136,653,437,38.3296578,140.897871
4105040002,宮城県仙台市泉区山の寺二丁目,1684,809,198,942,455,38.333028,140.8933344
4105040003,宮城県仙台市泉区山の寺三丁目,1050,435,117,519,391,38.3341654,140.9034672
4105041000,宮城県仙台市泉区友愛町,712,300,108,397,204,38.3140762,140.8932823
4105042001,宮城県仙台市泉区泉中央一丁目,3513,2177,367,2232,317,38.3229698,140.8795113
4105042002,宮城県仙台市泉区泉中央二丁目,1947,1140,200,1283,273,38.3278171,140.8801611
4105042003,宮城県仙台市泉区泉中央三丁目,2994,1867,339,2008,231,38.3249691,140.8860155
4105042004,宮城県仙台市泉区泉中央四丁目,1943,1095,208,1280,235,38.321334,140.8855277
4105043001,宮城県仙台市泉区桂一丁目,1827,752,185,1192,431,38.3350632,140.8636671
4105043002,宮城県仙台市泉区桂二丁目,1521,617,120,863,530,38.3372199,140.858965
4105043003,宮城県仙台市泉区桂三丁目,1151,449,94,652,402,38.3381073,140.8658609
4105043004,宮城県仙台市泉区桂四丁目,1089,413,70,752,263,38.3427743,140.8671936
4105044001,宮城県仙台市泉区天神沢一丁目,1874,1021,0,0,0,38.3241194,140.8983735
4105044002,宮城県仙台市泉区天神沢二丁目,49,4,0,0,0,38.3274995,140.90257
4105045000,宮城県仙台市泉区本田町,779,415,46,419,236,38.3213556,140.9029903
4105046001,宮城県仙台市泉区八乙女一丁目,801,434,117,535,88,38.3116535,140.8929567
4105046002,宮城県仙台市泉区八乙女二丁目,607,328,59,421,81,38.3099216,140.8914772
4105046003,宮城県仙台市泉区八乙女三丁目,1198,540,142,815,196,38.3088911,140.8975726
4105046004,宮城県仙台市泉区八乙女四丁目,1279,599,161,885,159,38.3113136,140.8978984
4105048000,宮城県仙台市泉区みずほ台,2560,1277,298,1869,259,38.3111089,140.8741809
4105049001,宮城県仙台市泉区紫山一丁目,1130,372,258,723,148,38.3495509,140.8306608
4105049002,宮城県仙台市泉区紫山二丁目,843,308,90,563,189,38.346519,140.8302577
4105049003,宮城県仙台市泉区紫山三丁目,865,280,129,642,94,38.3463331,140.8239935
4105049004,宮城県仙台市泉区紫山四丁目,1148,367,238,825,84,38.3484043,140.8205246
4105049005,宮城県仙台市泉区紫山五丁目,1166,368,306,705,148,38.3536942,140.8237228
4105050001,宮城県仙台市泉区明石南一丁目,585,229,34,376,175,38.3388228,140.8891226
4105050002,宮城県仙台市泉区明石南二丁目,753,260,86,509,156,38.3429812,140.8909287
4105050003,宮城県仙台市泉区明石南三丁目,551,223,78,407,48,38.3411144,140.8869349
4105050004,宮城県仙台市泉区明石南四丁目,708,247,96,496,110,38.3457461,140.8863088
4105050005,宮城県仙台市泉区明石南五丁目,977,347,115,733,115,38.3427998,140.8846656
4105050006,宮城県仙台市泉区明石南六丁目,388,184,52,221,29,38.3466072,140.8826808
4105051001,宮城県仙台市泉区八乙女中央一丁目,688,346,70,500,105,38.3128535,140.8843897
4105051002,宮城県仙台市泉区八乙女中央二丁目,140,78,18,95,11,38.3166574,140.8824061
4105051003,宮城県仙台市泉区八乙女中央三丁目,1829,978,220,1286,184,38.3151065,140.887186
4105051004,宮城県仙台市泉区八乙女中央四丁目,1230,703,143,864,136,38.3125564,140.888714
4105051005,宮城県仙台市泉区八乙女中央五丁目,1662,829,150,1243,225,38.3102612,140.8865356
4105052001,宮城県仙台市泉区上谷刈一丁目,919,422,164,609,81,38.3160879,140.8773418
4105052002,宮城県仙台市泉区上谷刈二丁目,530,246,65,355,77,38.3173777,140.871903
4105052003,宮城県仙台市泉区上谷刈三丁目,1385,654,176,896,201,38.3181951,140.8688948
4105052004,宮城県仙台市泉区上谷刈四丁目,320,156,39,211,49,38.3156027,140.8710419
4105052005,宮城県仙台市泉区上谷刈五丁目,911,444,108,527,226,38.3130529,140.8725709
4105052006,宮城県仙台市泉区上谷刈六丁目,668,442,44,447,87,38.3141012,140.8795694
4105053001,宮城県仙台市泉区南中山一丁目,1682,696,205,1094,325,38.3008227,140.8279262
4105053002,宮城県仙台市泉区南中山二丁目,1124,473,126,602,360,38.3087791,140.8277367
4105053003,宮城県仙台市泉区南中山三丁目,1562,629,136,764,654,38.3131869,140.8258285
4105053004,宮城県仙台市泉区南中山四丁目,1229,488,100,653,470,38.3136067,140.8196494
4105053005,宮城県仙台市泉区南中山五丁目,405,108,98,276,21,38.3080529,140.8114315
4105053006,宮城県仙台市泉区南中山六丁目,858,244,220,597,41,38.3098046,140.8216387
4105054001,宮城県仙台市泉区将監殿一丁目,307,88,92,200,15,38.3396354,140.8817458
4105054002,宮城県仙台市泉区将監殿二丁目,0,0,0,0,0,38.3439576,140.8767104
4105054003,宮城県仙台市泉区将監殿三丁目,606,176,155,401,50,38.3417085,140.8782806
4105054004,宮城県仙台市泉区将監殿四丁目,704,213,146,515,43,38.3417445,140.8732945
4105054005,宮城県仙台市泉区将監殿五丁目,1364,427,394,842,118,38.3441695,140.8736193
4105055001,宮城県仙台市泉区大沢一丁目,29,29,0,29,0,38.3486808,140.8792151
4105055002,宮城県仙台市泉区大沢二丁目,146,61,24,92,26,38.3513608,140.8758303
4105055003,宮城県仙台市泉区大沢三丁目,369,3,0,9,360,38.3562972,140.8752435
4105056001,宮城県仙台市泉区西中山一丁目,1636,524,429,1049,134,38.3083878,140.8064885
4105056002,宮城県仙台市泉区西中山二丁目,1319,415,355,848,112,38.305276,140.8073233